,cost time,FPS,1,2,3,4,coordinate,len
1.png,0.029147863388061523,34,,,,,[],0
2.png,0.006816864013671875,146,,,,,[],0
3.png,0.006772518157958984,147,,,,,[],0
4.png,0.006445646286010742,155,,,,,[],0
5.png,0.006484270095825195,154,,,,,[],0
6.png,0.006462574005126953,154,,,,,[],0
7.png,0.0065114498138427734,153,,,,,[],0
8.png,0.006964445114135742,143,,,,,[],0
9.png,0.006699085235595703,149,,,,,[],0
10.png,0.0065326690673828125,153,,,,,[],0
11.png,0.006591320037841797,151,,,,,[],0
12.png,0.006751537322998047,148,,,,,[],0
13.png,0.006500720977783203,153,,,,,[],0
14.png,0.006555080413818359,152,,,,,[],0
15.png,0.0065343379974365234,153,,,,,[],0
16.png,0.006499528884887695,153,,,,,[],0
17.png,0.006532192230224609,153,,,,,[],0
18.png,0.007102251052856445,140,,,,,[],0
19.png,0.0068416595458984375,146,,,,,[],0
20.png,0.006506919860839844,153,,,,,[],0
21.png,0.006591081619262695,151,,,,,[],0
22.png,0.006498813629150391,153,,,,,[],0
23.png,0.0064389705657958984,155,,,,,[],0
24.png,0.006414651870727539,155,,,,,[],0
25.png,0.006494760513305664,153,,,,,[],0
26.png,0.006639242172241211,150,,,,,[],0
27.png,0.006624460220336914,150,,,,,[],0
28.png,0.006662845611572266,150,,,,,[],0
29.png,0.006560087203979492,152,,,,,[],0
30.png,0.006552934646606445,152,,,,,[],0
31.png,0.006261110305786133,159,,,,,[],0
32.png,0.006510019302368164,153,,,,,[],0
33.png,0.006339550018310547,157,,,,,[],0
34.png,0.006555795669555664,152,,,,,[],0
35.png,0.006644487380981445,150,,,,,[],0
36.png,0.0065572261810302734,152,,,,,[],0
37.png,0.007561922073364258,132,person,,,,"[[947, 660, 1277, 1061]]",1
38.png,0.007174015045166016,139,person,,,,"[[947, 660, 1277, 1061]]",1
39.png,0.007171630859375,139,person,,,,"[[919, 645, 1311, 1060]]",1
40.png,0.007831573486328125,127,person,,,,"[[1017, 659, 1471, 1058]]",1
41.png,0.007904052734375,126,person,,,,"[[966, 668, 1289, 1039]]",1
42.png,0.007759809494018555,128,person,,,,"[[967, 672, 1278, 1040]]",1
43.png,0.00648188591003418,154,,,,,[],0
44.png,0.006468772888183594,154,,,,,[],0
45.png,0.0064928531646728516,154,,,,,[],0
46.png,0.007293224334716797,137,train,,,,"[[0, 0, 801, 748]]",1
47.png,0.0067751407623291016,147,,,,,[],0
48.png,0.006588459014892578,151,,,,,[],0
49.png,0.006503105163574219,153,,,,,[],0
50.png,0.007927179336547852,126,train,,,,"[[34, 0, 916, 790]]",1
51.png,0.007544040679931641,132,train,,,,"[[2, 0, 834, 905]]",1
52.png,0.007612943649291992,131,train,,,,"[[15, 6, 808, 885]]",1
53.png,0.006516218185424805,153,,,,,[],0
54.png,0.006521463394165039,153,,,,,[],0
55.png,0.007183074951171875,139,bus,,,,"[[11, 54, 786, 986]]",1
56.png,0.007252931594848633,137,train,,,,"[[13, 0, 773, 929]]",1
57.png,0.0074503421783447266,134,train,,,,"[[7, 0, 743, 917]]",1
58.png,0.007524251937866211,132,train,,,,"[[27, 0, 730, 892]]",1
59.png,0.007458925247192383,134,train,,,,"[[18, 0, 707, 914]]",1
60.png,0.006528139114379883,153,,,,,[],0
61.png,0.007762432098388672,128,train,,,,"[[14, 0, 712, 914]]",1
62.png,0.006540536880493164,152,,,,,[],0
63.png,0.006471157073974609,154,,,,,[],0
64.png,0.006478309631347656,154,,,,,[],0
65.png,0.0064601898193359375,154,,,,,[],0
66.png,0.006475210189819336,154,,,,,[],0
67.png,0.007380485534667969,135,train,,,,"[[13, 42, 738, 868]]",1
68.png,0.01916790008544922,52,train,,,,"[[58, 68, 902, 845]]",1
69.png,0.007430315017700195,134,train,,,,"[[59, 71, 902, 842]]",1
70.png,0.0065233707427978516,153,,,,,[],0
71.png,0.007653236389160156,130,train,,,,"[[0, 11, 807, 910]]",1
72.png,0.006533384323120117,153,,,,,[],0
73.png,0.007507801055908203,133,train,,,,"[[10, 45, 970, 868]]",1
74.png,0.007515907287597656,133,train,,,,"[[24, 34, 970, 897]]",1
75.png,0.007907629013061523,126,train,,,,"[[18, 21, 979, 906]]",1
76.png,0.00669407844543457,149,,,,,[],0
77.png,0.00671076774597168,149,,,,,[],0
78.png,0.007500886917114258,133,train,,,,"[[0, 39, 1016, 883]]",1
79.png,0.007616281509399414,131,train,,,,"[[2, 29, 1023, 886]]",1
80.png,0.007764101028442383,128,train,,,,"[[23, 25, 1012, 899]]",1
81.png,0.0069425106048583984,144,,,,,[],0
82.png,0.007562875747680664,132,train,,,,"[[37, 0, 1007, 919]]",1
83.png,0.0075283050537109375,132,train,,,,"[[15, 22, 982, 910]]",1
84.png,0.006883144378662109,145,train,,,,"[[20, 12, 936, 915]]",1
85.png,0.0075032711029052734,133,train,,,,"[[33, 43, 924, 875]]",1
86.png,0.0075914859771728516,131,train,,,,"[[22, 19, 935, 905]]",1
87.png,0.0074920654296875,133,train,,,,"[[22, 19, 935, 905]]",1
88.png,0.007747650146484375,129,train,,,,"[[0, 0, 909, 920]]",1
89.png,0.007516384124755859,133,train,,,,"[[32, 21, 956, 1060]]",1
90.png,0.007489204406738281,133,train,,,,"[[35, 10, 965, 1079]]",1
91.png,0.007429599761962891,134,train,,,,"[[23, 0, 941, 950]]",1
92.png,0.007457256317138672,134,train,,,,"[[44, 7, 923, 918]]",1
93.png,0.00645756721496582,154,,,,,[],0
94.png,0.006757020950317383,147,,,,,[],0
95.png,0.007024049758911133,142,train,train,,,"[[21, 0, 953, 927], [1062, 322, 1465, 627]]",2
96.png,0.006932497024536133,144,train,train,,,"[[27, 0, 927, 944], [1052, 298, 1477, 650]]",2
97.png,0.006838798522949219,146,train,,,,"[[1024, 311, 1531, 664]]",1
98.png,0.007489681243896484,133,train,,,,"[[1036, 310, 1546, 665]]",1
99.png,0.007479429244995117,133,train,,,,"[[1040, 297, 1560, 660]]",1
100.png,0.007515907287597656,133,train,,,,"[[1038, 286, 1543, 679]]",1
101.png,0.007712841033935547,129,train,,,,"[[998, 342, 1546, 687]]",1
102.png,0.007512569427490234,133,train,,,,"[[1066, 261, 1696, 682]]",1
103.png,0.007518768310546875,133,train,,,,"[[1060, 184, 1749, 747]]",1
104.png,0.00748443603515625,133,train,,,,"[[1071, 187, 1763, 752]]",1
105.png,0.007524967193603516,132,train,,,,"[[1071, 133, 1818, 807]]",1
106.png,0.007587432861328125,131,train,,,,"[[1050, 153, 1853, 802]]",1
107.png,0.00755620002746582,132,train,,,,"[[1037, 108, 1919, 808]]",1
108.png,0.0075473785400390625,132,train,,,,"[[1036, 161, 1919, 776]]",1
109.png,0.0075299739837646484,132,train,,,,"[[984, 90, 1899, 863]]",1
110.png,0.007233142852783203,138,train,,,,"[[1000, 83, 1890, 867]]",1
111.png,0.007148027420043945,139,train,,,,"[[1000, 83, 1890, 867]]",1
112.png,0.0075533390045166016,132,train,,,,"[[962, 146, 1914, 948]]",1
113.png,0.0075151920318603516,133,bus,,,,"[[940, 110, 1919, 1000]]",1
114.png,0.0076923370361328125,129,train,,,,"[[47, 43, 934, 822]]",1
115.png,0.006465911865234375,154,,,,,[],0
116.png,0.00659942626953125,151,,,,,[],0
117.png,0.006516456604003906,153,,,,,[],0
118.png,0.00787806510925293,126,bus,,,,"[[965, 20, 1900, 1050]]",1
119.png,0.0069386959075927734,144,bus,,,,"[[781, 9, 1919, 1072]]",1
120.png,0.007810354232788086,128,car,,,,"[[0, 0, 1729, 1079]]",1
121.png,0.024100065231323242,41,car,,,,"[[11, 0, 1917, 1079]]",1
122.png,0.0075795650482177734,131,bus,,,,"[[40, 5, 1868, 1079]]",1
123.png,0.007569551467895508,132,bus,,,,"[[48, 0, 1868, 1079]]",1
124.png,0.0076863765716552734,130,bus,person,,,"[[23, 0, 1919, 1079], [0, 701, 359, 1050]]",2
125.png,0.00727534294128418,137,bus,person,,,"[[232, 0, 1919, 1079], [0, 679, 252, 1059]]",2
126.png,0.007544755935668945,132,bus,,,,"[[5, 0, 824, 1079]]",1
127.png,0.007491111755371094,133,bus,,,,"[[0, 0, 1067, 1079]]",1
128.png,0.007729768753051758,129,bus,,,,"[[8, 15, 823, 1079]]",1
129.png,0.00757288932800293,132,bus,,,,"[[10, 7, 835, 1079]]",1
130.png,0.007644176483154297,130,bus,,,,"[[24, 43, 818, 1047]]",1
131.png,0.007624626159667969,131,bus,,,,"[[2, 32, 835, 1062]]",1
132.png,0.007627725601196289,131,bus,,,,"[[0, 61, 842, 1018]]",1
133.png,0.007498264312744141,133,bus,,,,"[[0, 13, 852, 1051]]",1
134.png,0.0075435638427734375,132,bus,,,,"[[0, 0, 856, 990]]",1
135.png,0.007975101470947266,125,bus,,,,"[[5, 0, 857, 1016]]",1
136.png,0.007460117340087891,134,bus,,,,"[[5, 0, 857, 1016]]",1
137.png,0.007589578628540039,131,bus,,,,"[[0, 0, 889, 1079]]",1
138.png,0.0075261592864990234,132,bus,,,,"[[0, 0, 889, 1079]]",1
139.png,0.007823944091796875,127,bus,,,,"[[0, 59, 881, 1055]]",1
140.png,0.007610321044921875,131,bus,,,,"[[0, 66, 863, 1041]]",1
141.png,0.0065271854400634766,153,,,,,[],0
142.png,0.007451295852661133,134,bus,,,,"[[0, 93, 1762, 1079]]",1
143.png,0.007721900939941406,129,bus,bus,,,"[[63, 63, 884, 1042], [986, 96, 1851, 999]]",2
144.png,0.007771492004394531,128,bus,bus,,,"[[40, 34, 909, 1054], [1013, 111, 1841, 970]]",2
145.png,0.00782465934753418,127,bus,bus,,,"[[38, 41, 904, 1056], [1003, 37, 1854, 1021]]",2
146.png,0.007441282272338867,134,bus,,,,"[[46, 75, 893, 1037]]",1
147.png,0.007631778717041016,131,bus,,,,"[[0, 59, 1763, 1079]]",1
148.png,0.007157087326049805,139,bus,,,,"[[82, 51, 875, 1060]]",1
149.png,0.006869792938232422,145,,,,,[],0
150.png,0.007506132125854492,133,bus,,,,"[[76, 42, 886, 1064]]",1
151.png,0.006949901580810547,143,bus,,,,"[[1065, 0, 1919, 1069]]",1
152.png,0.0071926116943359375,139,bus,,,,"[[1069, 31, 1919, 1041]]",1
153.png,0.00647735595703125,154,,,,,[],0
154.png,0.007143259048461914,139,bus,,,,"[[1115, 0, 1919, 1078]]",1
155.png,0.006500720977783203,153,,,,,[],0
156.png,0.007533073425292969,132,bus,,,,"[[6, 0, 1089, 1079]]",1
157.png,0.0072405338287353516,138,bus,,,,"[[2, 0, 1071, 1079]]",1
158.png,0.00646662712097168,154,,,,,[],0
159.png,0.006479501724243164,154,,,,,[],0
160.png,0.0065228939056396484,153,,,,,[],0
161.png,0.0078582763671875,127,bus,train,,,"[[1, 37, 1033, 1079], [1002, 172, 1833, 1066]]",2
162.png,0.007179737091064453,139,bus,,,,"[[0, 45, 1065, 1079]]",1
163.png,0.006545305252075195,152,,,,,[],0
164.png,0.007668733596801758,130,bus,car,,,"[[0, 2, 1086, 1079], [1091, 175, 1785, 854]]",2
165.png,0.007664918899536133,130,bus,car,,,"[[0, 3, 1102, 1079], [1059, 185, 1862, 843]]",2
166.png,0.007940530776977539,125,bus,car,,,"[[11, 24, 1031, 1078], [1062, 172, 1914, 870]]",2
167.png,0.007525444030761719,132,bus,bus,,,"[[1028, 102, 1879, 860], [0, 0, 1135, 1079]]",2
168.png,0.00783538818359375,127,bus,bus,,,"[[1006, 24, 1896, 917], [0, 0, 1102, 1079]]",2
169.png,0.008209705352783203,121,bus,bus,car,,"[[964, 37, 1919, 919], [0, 0, 1071, 1079], [976, 43, 1900, 1018]]",3
170.png,0.007637739181518555,130,bus,,,,"[[0, 1, 1101, 1079]]",1
171.png,0.006211280822753906,160,,,,,[],0
172.png,0.01961064338684082,50,,,,,[],0
173.png,0.0071887969970703125,139,person,,,,"[[315, 726, 711, 1050]]",1
174.png,0.007605314254760742,131,car,,,,"[[19, 521, 765, 894]]",1
175.png,0.007513999938964844,133,car,,,,"[[0, 497, 680, 1015]]",1
176.png,0.007482767105102539,133,car,,,,"[[0, 475, 706, 1047]]",1
177.png,0.00794219970703125,125,car,,,,"[[6, 356, 678, 1078]]",1
178.png,0.007944107055664062,125,car,tvmonitor,,,"[[0, 219, 706, 1031], [908, 0, 1902, 648]]",2
179.png,0.008105754852294922,123,car,tvmonitor,,,"[[31, 468, 668, 1079], [945, 5, 1890, 724]]",2
180.png,0.0071680545806884766,139,tvmonitor,,,,"[[972, 5, 1871, 722]]",1
181.png,0.0064449310302734375,155,,,,,[],0
182.png,0.007472038269042969,133,tvmonitor,,,,"[[948, 4, 1877, 734]]",1
183.png,0.006309986114501953,158,,,,,[],0
184.png,0.006444454193115234,155,,,,,[],0
185.png,0.0065343379974365234,153,,,,,[],0
186.png,0.00650787353515625,153,,,,,[],0
187.png,0.006944894790649414,143,,,,,[],0
188.png,0.006527900695800781,153,,,,,[],0
189.png,0.006491899490356445,154,,,,,[],0
190.png,0.006530046463012695,153,,,,,[],0
191.png,0.0067043304443359375,149,,,,,[],0
192.png,0.006544828414916992,152,,,,,[],0
193.png,0.0065877437591552734,151,,,,,[],0
194.png,0.006466865539550781,154,,,,,[],0
195.png,0.0066487789154052734,150,,,,,[],0
196.png,0.0074312686920166016,134,tvmonitor,,,,"[[1005, 19, 1867, 718]]",1
197.png,0.007462978363037109,133,tvmonitor,,,,"[[986, 0, 1871, 637]]",1
198.png,0.0075337886810302734,132,tvmonitor,,,,"[[1013, 2, 1861, 723]]",1
199.png,0.008001089096069336,124,tvmonitor,,,,"[[1153, 23, 1903, 573]]",1
200.png,0.007920026779174805,126,car,tvmonitor,,,"[[17, 376, 799, 1052], [1186, 2, 1896, 568]]",2
201.png,0.007875919342041016,126,bicycle,tvmonitor,,,"[[70, 118, 1859, 1079], [1386, 47, 1917, 374]]",2
202.png,0.007921695709228516,126,tvmonitor,,,,"[[1237, 46, 1919, 386]]",1
203.png,0.007496356964111328,133,tvmonitor,,,,"[[1179, 0, 1889, 579]]",1
204.png,0.00659632682800293,151,,,,,[],0
205.png,0.00706171989440918,141,,,,,[],0
206.png,0.007428407669067383,134,tvmonitor,,,,"[[994, 0, 1858, 644]]",1
207.png,0.007938623428344727,125,person,tvmonitor,,,"[[1392, 0, 1919, 969], [1009, 86, 1447, 531]]",2
208.png,0.007755279541015625,128,person,tvmonitor,,,"[[1480, 0, 1919, 1068], [898, 6, 1624, 561]]",2
209.png,0.007361173629760742,135,person,tvmonitor,,,"[[1480, 0, 1919, 1068], [898, 6, 1624, 561]]",2
210.png,0.0064716339111328125,154,,,,,[],0
211.png,0.006749868392944336,148,,,,,[],0
212.png,0.006540536880493164,152,,,,,[],0
213.png,0.006745100021362305,148,,,,,[],0
214.png,0.006753683090209961,148,,,,,[],0
215.png,0.006829738616943359,146,,,,,[],0
216.png,0.0064852237701416016,154,,,,,[],0
217.png,0.006513357162475586,153,,,,,[],0
218.png,0.006479024887084961,154,,,,,[],0
219.png,0.0066716670989990234,149,,,,,[],0
220.png,0.006485462188720703,154,,,,,[],0
221.png,0.0071408748626708984,140,aeroplane,,,,"[[0, 66, 1919, 1079]]",1
222.png,0.006174564361572266,161,,,,,[],0
223.png,0.0066754817962646484,149,,,,,[],0
224.png,0.006861448287963867,145,car,,,,"[[0, 462, 1919, 1071]]",1
225.png,0.0065155029296875,153,,,,,[],0
226.png,0.007172346115112305,139,train,,,,"[[19, 0, 1868, 1079]]",1
227.png,0.0069561004638671875,143,,,,,[],0
228.png,0.006840705871582031,146,,,,,[],0
229.png,0.007831096649169922,127,tvmonitor,tvmonitor,,,"[[745, 51, 1919, 528], [0, 432, 408, 990]]",2
230.png,0.006726264953613281,148,,,,,[],0
231.png,0.00722193717956543,138,car,,,,"[[0, 51, 1897, 1021]]",1
232.png,0.006737232208251953,148,,,,,[],0
233.png,0.006605386734008789,151,,,,,[],0
234.png,0.007575511932373047,132,car,,,,"[[0, 38, 1889, 1040]]",1
235.png,0.006609439849853516,151,,,,,[],0
236.png,0.006570100784301758,152,,,,,[],0
237.png,0.0072290897369384766,138,person,,,,"[[673, 523, 1561, 1054]]",1
238.png,0.0071752071380615234,139,aeroplane,,,,"[[0, 0, 1799, 1018]]",1
239.png,0.006536960601806641,152,,,,,[],0
240.png,0.006472349166870117,154,,,,,[],0
241.png,0.0065305233001708984,153,,,,,[],0
242.png,0.0068247318267822266,146,,,,,[],0
243.png,0.006546974182128906,152,,,,,[],0
244.png,0.0065195560455322266,153,,,,,[],0
245.png,0.006456613540649414,154,,,,,[],0
246.png,0.00649714469909668,153,,,,,[],0
247.png,0.007546663284301758,132,person,,,,"[[523, 642, 880, 1056]]",1
248.png,0.006471872329711914,154,,,,,[],0
249.png,0.007180452346801758,139,person,,,,"[[522, 701, 880, 1030]]",1
250.png,0.00756382942199707,132,person,,,,"[[524, 698, 871, 1030]]",1
251.png,0.007244586944580078,138,person,,,,"[[520, 705, 880, 1029]]",1
252.png,0.006554841995239258,152,,,,,[],0
253.png,0.006526470184326172,153,,,,,[],0
254.png,0.006654500961303711,150,,,,,[],0
255.png,0.00653076171875,153,,,,,[],0
256.png,0.0065462589263916016,152,,,,,[],0
257.png,0.008769750595092773,114,,,,,[],0
258.png,0.006522178649902344,153,,,,,[],0
259.png,0.006548643112182617,152,,,,,[],0
260.png,0.006714820861816406,148,,,,,[],0
261.png,0.007521867752075195,132,tvmonitor,,,,"[[862, 3, 1910, 938]]",1
262.png,0.007504463195800781,133,tvmonitor,,,,"[[848, 0, 1899, 948]]",1
263.png,0.007673501968383789,130,tvmonitor,,,,"[[813, 0, 1919, 945]]",1
264.png,0.006643772125244141,150,,,,,[],0
265.png,0.0066051483154296875,151,,,,,[],0
266.png,0.007465362548828125,133,car,,,,"[[1208, 714, 1909, 1054]]",1
267.png,0.006890058517456055,145,,,,,[],0
268.png,0.006628513336181641,150,,,,,[],0
269.png,0.007597208023071289,131,chair,,,,"[[1086, 619, 1766, 1079]]",1
270.png,0.006930828094482422,144,,,,,[],0
271.png,0.007161855697631836,139,chair,,,,"[[1096, 672, 1740, 1072]]",1
272.png,0.006688594818115234,149,,,,,[],0
273.png,0.007516622543334961,133,motorbike,,,,"[[1030, 421, 1816, 1039]]",1
274.png,0.006808280944824219,146,motorbike,,,,"[[1012, 497, 1799, 1054]]",1
275.png,0.007163524627685547,139,motorbike,,,,"[[1003, 497, 1810, 1061]]",1
276.png,0.006503582000732422,153,,,,,[],0
277.png,0.006579875946044922,151,,,,,[],0
278.png,0.00746917724609375,133,train,,,,"[[472, 57, 1406, 1003]]",1
279.png,0.006455421447753906,154,,,,,[],0
280.png,0.006546497344970703,152,,,,,[],0
281.png,0.006821393966674805,146,,,,,[],0
282.png,0.006537914276123047,152,,,,,[],0
283.png,0.006483554840087891,154,,,,,[],0
284.png,0.007411956787109375,134,person,,,,"[[775, 463, 928, 652]]",1
285.png,0.007561206817626953,132,train,,,,"[[539, 0, 1354, 1079]]",1
286.png,0.00777435302734375,128,person,train,,,"[[562, 379, 712, 670], [335, 3, 1557, 1079]]",2
287.png,0.0072171688079833984,138,person,,,,"[[811, 484, 910, 733]]",1
288.png,0.006606101989746094,151,,,,,[],0
289.png,0.0075223445892333984,132,person,,,,"[[428, 541, 634, 1014]]",1
290.png,0.007564544677734375,132,person,,,,"[[467, 462, 651, 977]]",1
291.png,0.007594108581542969,131,person,person,,,"[[457, 366, 648, 1005], [1216, 319, 1344, 582]]",2
292.png,0.007865190505981445,127,person,person,person,,"[[444, 393, 639, 969], [721, 295, 934, 755], [1195, 347, 1329, 575]]",3
293.png,0.008105993270874023,123,person,person,person,person,"[[1145, 311, 1260, 584], [466, 315, 642, 898], [708, 330, 957, 886], [613, 219, 790, 689]]",4
294.png,0.008353710174560547,119,person,person,person,person,"[[482, 329, 659, 903], [1110, 275, 1336, 625], [627, 250, 794, 494], [547, 286, 747, 797]]",4
295.png,0.007905244827270508,126,person,person,person,,"[[461, 326, 653, 896], [1038, 276, 1253, 651], [591, 255, 814, 664]]",3
296.png,0.008015871047973633,124,person,person,person,,"[[1046, 300, 1261, 632], [456, 335, 638, 893], [659, 213, 909, 696]]",3
297.png,0.007305145263671875,136,tvmonitor,,,,"[[1296, 477, 1459, 649]]",1
298.png,0.006347179412841797,157,,,,,[],0
299.png,0.00653839111328125,152,,,,,[],0
300.png,0.006505727767944336,153,,,,,[],0
301.png,0.006933927536010742,144,,,,,[],0
302.png,0.00715327262878418,139,car,,,,"[[27, 113, 1637, 1079]]",1
303.png,0.007425785064697266,134,person,,,,"[[834, 537, 1099, 1051]]",1
304.png,0.006951093673706055,143,,,,,[],0
305.png,0.0072307586669921875,138,person,,,,"[[1089, 677, 1387, 1054]]",1
306.png,0.0065059661865234375,153,,,,,[],0
307.png,0.006946563720703125,143,,,,,[],0
308.png,0.006549358367919922,152,,,,,[],0
309.png,0.006554365158081055,152,,,,,[],0
310.png,0.00655674934387207,152,,,,,[],0
311.png,0.00648808479309082,154,,,,,[],0
312.png,0.006591320037841797,151,,,,,[],0
313.png,0.006520509719848633,153,,,,,[],0
314.png,0.006556510925292969,152,,,,,[],0
315.png,0.006511688232421875,153,,,,,[],0
316.png,0.007213592529296875,138,tvmonitor,,,,"[[1233, 0, 1888, 760]]",1
317.png,0.006575822830200195,152,,,,,[],0
318.png,0.006502866744995117,153,,,,,[],0
319.png,0.007517099380493164,133,car,,,,"[[0, 453, 839, 1071]]",1
320.png,0.007521390914916992,132,car,,,,"[[0, 470, 827, 1065]]",1
321.png,0.007598876953125,131,car,person,,,"[[6, 357, 790, 1054], [867, 493, 1024, 729]]",2
322.png,0.007913589477539062,126,bicycle,chair,,,"[[126, 41, 1824, 1044], [1144, 510, 1896, 1069]]",2
323.png,0.006705760955810547,149,,,,,[],0
324.png,0.007709503173828125,129,car,,,,"[[3, 374, 801, 1054]]",1
325.png,0.007146358489990234,139,tvmonitor,,,,"[[1161, 0, 1905, 814]]",1
326.png,0.008121013641357422,123,motorbike,,,,"[[0, 316, 1892, 1067]]",1
327.png,0.007852792739868164,127,tvmonitor,,,,"[[1160, 0, 1913, 954]]",1
328.png,0.007662773132324219,130,tvmonitor,,,,"[[1130, 0, 1904, 775]]",1
329.png,0.007387399673461914,135,tvmonitor,,,,"[[1149, 0, 1900, 805]]",1
330.png,0.007861137390136719,127,tvmonitor,,,,"[[1136, 0, 1911, 801]]",1
331.png,0.007468700408935547,133,tvmonitor,,,,"[[1136, 0, 1911, 801]]",1
332.png,0.007516145706176758,133,tvmonitor,,,,"[[1029, 0, 1889, 844]]",1
333.png,0.00750732421875,133,car,,,,"[[16, 0, 1291, 1079]]",1
334.png,0.007536888122558594,132,car,,,,"[[7, 67, 1887, 1079]]",1
335.png,0.006569862365722656,152,,,,,[],0
336.png,0.0074748992919921875,133,car,,,,"[[0, 67, 1919, 1079]]",1
337.png,0.0062656402587890625,159,,,,,[],0
338.png,0.006476640701293945,154,,,,,[],0
339.png,0.007725954055786133,129,tvmonitor,,,,"[[1127, 0, 1894, 812]]",1
340.png,0.006783962249755859,147,,,,,[],0
341.png,0.007262229919433594,137,person,,,,"[[844, 380, 1030, 878]]",1
342.png,0.006489992141723633,154,,,,,[],0
343.png,0.006478071212768555,154,,,,,[],0
344.png,0.006560087203979492,152,,,,,[],0
345.png,0.0066127777099609375,151,,,,,[],0
346.png,0.007553815841674805,132,tvmonitor,,,,"[[1176, 0, 1887, 797]]",1
347.png,0.007695436477661133,129,car,,,,"[[17, 341, 1026, 1079]]",1
348.png,0.007669687271118164,130,car,,,,"[[0, 341, 1060, 1079]]",1
349.png,0.00724482536315918,138,aeroplane,,,,"[[34, 157, 1883, 1061]]",1
350.png,0.006578683853149414,152,,,,,[],0
351.png,0.007363080978393555,135,motorbike,person,,,"[[1020, 480, 1849, 1077], [812, 377, 914, 569]]",2
352.png,0.007683277130126953,130,aeroplane,motorbike,,,"[[44, 159, 1890, 1079], [997, 310, 1852, 1079]]",2
353.png,0.007300853729248047,136,aeroplane,motorbike,,,"[[50, 174, 1885, 1065], [997, 315, 1858, 1079]]",2
354.png,0.007563352584838867,132,aeroplane,,,,"[[0, 143, 1721, 1079]]",1
355.png,0.0075380802154541016,132,aeroplane,,,,"[[0, 160, 1704, 1079]]",1
356.png,0.007493019104003906,133,aeroplane,,,,"[[0, 160, 1704, 1079]]",1
357.png,0.007546663284301758,132,aeroplane,,,,"[[0, 148, 1691, 1079]]",1
358.png,0.006909608840942383,144,,,,,[],0
359.png,0.007012844085693359,142,aeroplane,,,,"[[0, 307, 1801, 1079]]",1
360.png,0.007216691970825195,138,person,,,,"[[837, 437, 911, 634]]",1
361.png,0.007445812225341797,134,person,,,,"[[817, 477, 914, 725]]",1
362.png,0.0064928531646728516,154,,,,,[],0
363.png,0.006454944610595703,154,,,,,[],0
364.png,0.007528781890869141,132,bicycle,car,,,"[[150, 29, 1808, 1058], [4, 444, 1019, 1079]]",2
365.png,0.007559299468994141,132,aeroplane,,,,"[[0, 147, 1770, 1079]]",1
366.png,0.006921529769897461,144,car,,,,"[[72, 536, 638, 722]]",1
367.png,0.00759577751159668,131,car,,,,"[[73, 544, 621, 731]]",1
368.png,0.007747650146484375,129,car,car,,,"[[62, 547, 645, 807], [0, 632, 1180, 1078]]",2
369.png,0.00748753547668457,133,car,,,,"[[54, 552, 671, 749]]",1
370.png,0.007754087448120117,128,car,,,,"[[56, 546, 672, 758]]",1
371.png,0.0074956417083740234,133,car,,,,"[[33, 549, 723, 796]]",1
372.png,0.007462739944458008,133,car,,,,"[[29, 561, 760, 795]]",1
373.png,0.00751042366027832,133,car,car,,,"[[41, 603, 722, 830], [39, 571, 1875, 1004]]",2
374.png,0.0073604583740234375,135,car,,,,"[[38, 593, 739, 832]]",1
375.png,0.007508277893066406,133,car,,,,"[[41, 584, 736, 818]]",1
376.png,0.007494926452636719,133,car,,,,"[[10, 546, 800, 796]]",1
377.png,0.007670402526855469,130,car,chair,,,"[[13, 544, 784, 794], [611, 0, 1334, 569]]",2
378.png,0.007654428482055664,130,car,chair,,,"[[0, 538, 813, 798], [610, 3, 1361, 577]]",2
379.png,0.00763702392578125,130,car,chair,,,"[[7, 523, 818, 789], [773, 3, 1432, 588]]",2
380.png,0.007779121398925781,128,car,chair,,,"[[7, 523, 818, 789], [773, 3, 1432, 588]]",2
381.png,0.007571220397949219,132,car,,,,"[[0, 544, 775, 820]]",1
382.png,0.007953166961669922,125,car,chair,,,"[[2, 532, 760, 856], [1174, 552, 1884, 1036]]",2
383.png,0.007577419281005859,131,car,,,,"[[14, 495, 738, 1034]]",1
384.png,0.0074901580810546875,133,car,,,,"[[11, 548, 713, 986]]",1
385.png,0.007489681243896484,133,car,,,,"[[17, 498, 748, 1032]]",1
386.png,0.0075397491455078125,132,car,car,,,"[[42, 501, 752, 1039], [721, 541, 935, 645]]",2
387.png,0.007581233978271484,131,car,car,,,"[[31, 497, 767, 1041], [725, 540, 943, 645]]",2
388.png,0.0072727203369140625,137,car,chair,,,"[[19, 511, 735, 1066], [787, 24, 1436, 884]]",2
389.png,0.00760650634765625,131,car,,,,"[[23, 501, 738, 1064]]",1
390.png,0.007243156433105469,138,car,,,,"[[40, 517, 715, 1067]]",1
391.png,0.006339073181152344,157,,,,,[],0
392.png,0.007466554641723633,133,chair,,,,"[[0, 159, 727, 1057]]",1
393.png,0.0072557926177978516,137,car,,,,"[[3, 408, 687, 1051]]",1
394.png,0.0075070858001708984,133,car,,,,"[[503, 517, 769, 700]]",1
395.png,0.007409811019897461,134,car,car,,,"[[28, 546, 483, 1058], [296, 521, 757, 722]]",2
396.png,0.006723642349243164,148,car,,,,"[[487, 513, 759, 709]]",1
397.png,0.00763249397277832,131,car,chair,,,"[[492, 525, 761, 709], [383, 0, 1263, 611]]",2
398.png,0.007629871368408203,131,car,chair,,,"[[501, 530, 750, 714], [355, 0, 1288, 614]]",2
399.png,0.007887840270996094,126,car,chair,tvmonitor,,"[[489, 517, 757, 722], [362, 0, 1289, 618], [1456, 582, 1919, 1006]]",3
400.png,0.0076694488525390625,130,car,chair,,,"[[402, 523, 743, 733], [368, 0, 1280, 607]]",2
401.png,0.0065953731536865234,151,,,,,[],0
402.png,0.0074651241302490234,133,chair,,,,"[[405, 0, 1270, 640]]",1
403.png,0.0074884891510009766,133,chair,,,,"[[395, 0, 1281, 632]]",1
404.png,0.007552385330200195,132,chair,,,,"[[395, 0, 1281, 632]]",1
405.png,0.007218599319458008,138,car,,,,"[[438, 504, 825, 748]]",1
406.png,0.007319927215576172,136,car,,,,"[[440, 516, 829, 755]]",1
407.png,0.007214546203613281,138,car,,,,"[[448, 531, 842, 745]]",1
408.png,0.007445573806762695,134,car,,,,"[[428, 534, 836, 739]]",1
409.png,0.007794857025146484,128,car,car,,,"[[403, 535, 843, 748], [997, 517, 1249, 627]]",2
410.png,0.006529092788696289,153,,,,,[],0
411.png,0.00751185417175293,133,car,,,,"[[0, 495, 795, 1070]]",1
412.png,0.007543087005615234,132,car,,,,"[[42, 515, 750, 1041]]",1
413.png,0.007532835006713867,132,car,,,,"[[31, 504, 751, 1052]]",1
414.png,0.007608652114868164,131,car,,,,"[[33, 505, 760, 1051]]",1
415.png,0.0075418949127197266,132,car,,,,"[[0, 499, 856, 1051]]",1
416.png,0.0070798397064208984,141,car,,,,"[[45, 498, 941, 1051]]",1
417.png,0.006890058517456055,145,car,,,,"[[51, 484, 948, 1063]]",1
418.png,0.007100582122802734,140,car,tvmonitor,,,"[[31, 488, 973, 1072], [1509, 234, 1919, 702]]",2
419.png,0.0075991153717041016,131,car,tvmonitor,,,"[[31, 488, 973, 1073], [1506, 237, 1919, 699]]",2
420.png,0.007675886154174805,130,car,,,,"[[21, 488, 977, 1070]]",1
421.png,0.0074961185455322266,133,car,,,,"[[21, 488, 977, 1069]]",1
422.png,0.007521629333496094,132,car,,,,"[[17, 491, 984, 1070]]",1
423.png,0.00776982307434082,128,car,,,,"[[52, 522, 960, 1059]]",1
424.png,0.0077626705169677734,128,car,,,,"[[53, 514, 974, 1056]]",1
425.png,0.0075473785400390625,132,car,,,,"[[46, 496, 965, 1066]]",1
426.png,0.007437467575073242,134,car,,,,"[[43, 504, 922, 1042]]",1
427.png,0.00712895393371582,140,car,,,,"[[0, 552, 1108, 1038]]",1
428.png,0.007384538650512695,135,car,,,,"[[0, 495, 959, 1044]]",1
429.png,0.007629871368408203,131,car,,,,"[[0, 495, 959, 1044]]",1
430.png,0.007172584533691406,139,car,,,,"[[13, 466, 948, 1079]]",1
431.png,0.007601022720336914,131,train,,,,"[[1439, 103, 1919, 984]]",1
432.png,0.007744789123535156,129,car,,,,"[[1, 183, 1360, 1067]]",1
433.png,0.0075113773345947266,133,car,,,,"[[0, 303, 1433, 1079]]",1
434.png,0.007593631744384766,131,car,,,,"[[0, 362, 1334, 1053]]",1
435.png,0.007636547088623047,130,car,,,,"[[0, 407, 1057, 1027]]",1
436.png,0.007488727569580078,133,car,,,,"[[0, 394, 1056, 1039]]",1
437.png,0.007615566253662109,131,car,tvmonitor,,,"[[0, 383, 1037, 1036], [1069, 12, 1773, 589]]",2
438.png,0.00655817985534668,152,,,,,[],0
439.png,0.007627010345458984,131,car,car,,,"[[1526, 442, 1909, 981], [33, 398, 986, 1030]]",2
440.png,0.0077571868896484375,128,car,car,,,"[[1518, 453, 1915, 969], [36, 431, 1015, 843]]",2
441.png,0.007532835006713867,132,car,car,,,"[[0, 437, 1067, 974], [1439, 470, 1919, 927]]",2
442.png,0.006909370422363281,144,car,car,,,"[[0, 437, 1067, 974], [1437, 466, 1919, 935]]",2
443.png,0.0075490474700927734,132,car,,,,"[[14, 484, 1071, 1063]]",1
444.png,0.007540464401245117,132,car,,,,"[[5, 484, 1083, 1068]]",1
445.png,0.007594585418701172,131,car,car,,,"[[32, 451, 1016, 1075], [1440, 459, 1893, 1079]]",2
446.png,0.006967306137084961,143,car,,,,"[[35, 445, 997, 1078]]",1
447.png,0.007856607437133789,127,car,,,,"[[32, 438, 1008, 1079]]",1
448.png,0.0075664520263671875,132,car,,,,"[[22, 444, 999, 1079]]",1
449.png,0.007616519927978516,131,car,,,,"[[6, 342, 841, 1079]]",1
450.png,0.00658869743347168,151,,,,,[],0
451.png,0.006522178649902344,153,,,,,[],0
452.png,0.007691383361816406,130,car,tvmonitor,,,"[[645, 482, 1259, 776], [92, 15, 611, 695]]",2
453.png,0.008067131042480469,123,car,tvmonitor,,,"[[645, 482, 1259, 776], [92, 15, 611, 695]]",2
454.png,0.007660865783691406,130,car,tvmonitor,,,"[[657, 479, 1270, 774], [78, 22, 630, 689]]",2
455.png,0.006569623947143555,152,,,,,[],0
456.png,0.0075283050537109375,132,tvmonitor,,,,"[[22, 28, 762, 710]]",1
457.png,0.007555723190307617,132,tvmonitor,,,,"[[19, 42, 750, 701]]",1
458.png,0.007509946823120117,133,car,,,,"[[0, 578, 281, 1026]]",1
459.png,0.007950067520141602,125,car,train,,,"[[0, 576, 253, 1030], [0, 22, 746, 738]]",2
460.png,0.007745265960693359,129,train,,,,"[[0, 7, 818, 749]]",1
461.png,0.007591962814331055,131,train,,,,"[[1, 3, 949, 758]]",1
462.png,0.0064809322357177734,154,,,,,[],0
463.png,0.007482767105102539,133,tvmonitor,,,,"[[119, 15, 933, 719]]",1
464.png,0.0064699649810791016,154,,,,,[],0
465.png,0.007556915283203125,132,train,,,,"[[152, 0, 1794, 1073]]",1
466.png,0.007475137710571289,133,train,,,,"[[2, 0, 1886, 1079]]",1
467.png,0.007905960083007812,126,train,,,,"[[52, 0, 1856, 1079]]",1
468.png,0.007704973220825195,129,train,,,,"[[0, 0, 1902, 1079]]",1
469.png,0.007906436920166016,126,train,,,,"[[0, 0, 1915, 1079]]",1
470.png,0.007513284683227539,133,train,,,,"[[74, 0, 1836, 1079]]",1
471.png,0.007118940353393555,140,train,,,,"[[0, 0, 1695, 1079]]",1
472.png,0.007463693618774414,133,aeroplane,,,,"[[105, 0, 1797, 1079]]",1
473.png,0.007451772689819336,134,train,,,,"[[71, 0, 1830, 1079]]",1
474.png,0.0073621273040771484,135,train,,,,"[[8, 0, 1906, 1079]]",1
475.png,0.007691860198974609,130,train,,,,"[[20, 0, 1874, 1079]]",1
476.png,0.007707834243774414,129,train,,,,"[[51, 0, 1881, 1079]]",1
477.png,0.007236480712890625,138,aeroplane,train,,,"[[0, 50, 1919, 1079], [0, 0, 1705, 1079]]",2
478.png,0.0072596073150634766,137,aeroplane,train,,,"[[0, 50, 1919, 1079], [0, 0, 1705, 1079]]",2
479.png,0.00757145881652832,132,aeroplane,train,,,"[[0, 67, 1919, 1079], [0, 0, 1782, 1079]]",2
480.png,0.007529497146606445,132,train,train,,,"[[0, 8, 890, 913], [30, 14, 1901, 1079]]",2
481.png,0.007992982864379883,125,train,train,,,"[[0, 43, 869, 880], [68, 9, 1869, 1079]]",2
482.png,0.008162736892700195,122,train,train,,,"[[0, 18, 891, 910], [61, 0, 1866, 1079]]",2
483.png,0.007488250732421875,133,train,,,,"[[29, 69, 922, 1016]]",1
484.png,0.00791788101196289,126,train,train,,,"[[37, 82, 922, 999], [0, 0, 1919, 1079]]",2
485.png,0.0064504146575927734,155,,,,,[],0
486.png,0.007985830307006836,125,car,train,,,"[[819, 426, 1192, 716], [0, 28, 736, 869]]",2
487.png,0.007769584655761719,128,train,,,,"[[0, 4, 722, 887]]",1
488.png,0.007686138153076172,130,train,tvmonitor,,,"[[0, 0, 598, 906], [0, 6, 617, 766]]",2
489.png,0.007747173309326172,129,car,tvmonitor,,,"[[754, 498, 1147, 804], [0, 24, 545, 864]]",2
490.png,0.007444858551025391,134,tvmonitor,,,,"[[0, 3, 528, 768]]",1
491.png,0.02565789222717285,38,train,,,,"[[0, 0, 1780, 1065]]",1
492.png,0.0076334476470947266,131,train,,,,"[[170, 0, 1919, 1079]]",1
493.png,0.007662534713745117,130,train,,,,"[[38, 0, 461, 760]]",1
494.png,0.007601261138916016,131,train,,,,"[[11, 3, 504, 900]]",1
495.png,0.006613016128540039,151,,,,,[],0
496.png,0.006744861602783203,148,,,,,[],0
497.png,0.007465362548828125,133,car,,,,"[[395, 571, 896, 970]]",1
498.png,0.007524251937866211,132,car,,,,"[[406, 576, 888, 975]]",1
499.png,0.0077114105224609375,129,car,tvmonitor,,,"[[97, 570, 1244, 1031], [0, 92, 516, 821]]",2
500.png,0.0076084136962890625,131,car,tvmonitor,,,"[[63, 560, 1308, 1036], [0, 111, 506, 796]]",2
501.png,0.007872343063354492,127,chair,tvmonitor,,,"[[84, 110, 609, 318], [0, 120, 563, 811]]",2
502.png,0.007062196731567383,141,chair,tvmonitor,,,"[[84, 110, 609, 318], [0, 120, 563, 811]]",2
503.png,0.00795125961303711,125,car,tvmonitor,,,"[[0, 587, 1101, 1031], [0, 118, 645, 805]]",2
504.png,0.007881402969360352,126,car,tvmonitor,,,"[[134, 582, 914, 1079], [6, 100, 639, 824]]",2
505.png,0.007999658584594727,125,car,tvmonitor,,,"[[12, 624, 1033, 1079], [23, 127, 627, 815]]",2
506.png,0.007552623748779297,132,car,,,,"[[18, 590, 1003, 1026]]",1
507.png,0.007134199142456055,140,tvmonitor,,,,"[[7, 227, 420, 703]]",1
508.png,0.0075228214263916016,132,person,tvmonitor,,,"[[23, 828, 358, 1041], [66, 605, 644, 969]]",2
509.png,0.006490230560302734,154,,,,,[],0
510.png,0.007475137710571289,133,car,car,,,"[[2, 568, 703, 1045], [553, 512, 833, 721]]",2
511.png,0.00765681266784668,130,chair,tvmonitor,,,"[[0, 0, 531, 599], [0, 535, 571, 1036]]",2
512.png,0.00812077522277832,123,car,car,chair,,"[[566, 519, 851, 705], [0, 546, 690, 1051], [0, 0, 546, 613]]",3
513.png,0.00757908821105957,131,car,car,,,"[[3, 540, 699, 1052], [543, 563, 864, 715]]",2
514.png,0.007509708404541016,133,train,train,,,"[[1167, 0, 1919, 945], [13, 43, 1904, 1022]]",2
515.png,0.00762939453125,131,train,,,,"[[0, 33, 1919, 1029]]",1
516.png,0.006324052810668945,158,,,,,[],0
517.png,0.0065155029296875,153,,,,,[],0
518.png,0.007520437240600586,132,train,,,,"[[0, 10, 1667, 1074]]",1
519.png,0.007539033889770508,132,train,,,,"[[35, 0, 1082, 1079]]",1
520.png,0.007593870162963867,131,train,,,,"[[12, 0, 753, 1065]]",1
521.png,0.007279872894287109,137,train,,,,"[[7, 0, 702, 1079]]",1
522.png,0.007312297821044922,136,person,,,,"[[942, 262, 1177, 614]]",1
523.png,0.008052825927734375,124,person,train,,,"[[883, 208, 1126, 565], [37, 155, 1828, 1079]]",2
524.png,0.007347583770751953,136,person,,,,"[[784, 226, 1143, 539]]",1
525.png,0.006583213806152344,151,,,,,[],0
526.png,0.0065538883209228516,152,,,,,[],0
527.png,0.007213115692138672,138,person,,,,"[[1105, 337, 1340, 884]]",1
528.png,0.007498264312744141,133,train,,,,"[[234, 27, 1919, 1050]]",1
529.png,0.006542682647705078,152,,,,,[],0
530.png,0.006526470184326172,153,,,,,[],0
531.png,0.007137775421142578,140,person,,,,"[[1002, 283, 1302, 630]]",1
532.png,0.0073070526123046875,136,person,,,,"[[981, 251, 1270, 647]]",1
533.png,0.0074310302734375,134,person,,,,"[[946, 203, 1261, 582]]",1
534.png,0.007661581039428711,130,car,person,,,"[[0, 435, 251, 786], [950, 178, 1335, 604]]",2
535.png,0.0066187381744384766,151,,,,,[],0
536.png,0.007611274719238281,131,person,,,,"[[1025, 87, 1585, 665]]",1
537.png,0.006881237030029297,145,person,,,,"[[1173, 280, 1639, 635]]",1
538.png,0.00658416748046875,151,,,,,[],0
539.png,0.0065877437591552734,151,,,,,[],0
540.png,0.007849931716918945,127,person,person,,,"[[1176, 109, 1919, 984], [720, 334, 1241, 1067]]",2
541.png,0.007810831069946289,128,motorbike,person,person,,"[[1145, 503, 1906, 1069], [1169, 289, 1897, 977], [1023, 352, 1248, 572]]",3
542.png,0.006487846374511719,154,,,,,[],0
543.png,0.0075032711029052734,133,person,,,,"[[17, 338, 256, 752]]",1
544.png,0.0075223445892333984,132,car,,,,"[[34, 398, 518, 713]]",1
545.png,0.007486820220947266,133,person,,,,"[[1456, 263, 1912, 966]]",1
546.png,0.007857561111450195,127,person,,,,"[[1452, 393, 1911, 852]]",1
547.png,0.007498741149902344,133,train,,,,"[[768, 0, 1919, 1010]]",1
548.png,0.007788896560668945,128,train,,,,"[[817, 0, 1919, 1008]]",1
549.png,0.007518291473388672,133,train,,,,"[[1131, 0, 1919, 993]]",1
550.png,0.007605552673339844,131,person,train,,,"[[914, 448, 1030, 784], [814, 0, 1919, 1010]]",2
551.png,0.0076410770416259766,130,person,train,,,"[[914, 448, 1030, 784], [814, 0, 1919, 1010]]",2
552.png,0.0074462890625,134,train,,,,"[[615, 0, 1886, 1079]]",1
553.png,0.007668256759643555,130,train,,,,"[[825, 0, 1919, 998]]",1
554.png,0.007595539093017578,131,train,,,,"[[820, 0, 1919, 985]]",1
555.png,0.007783174514770508,128,person,train,,,"[[972, 530, 1175, 1015], [822, 0, 1919, 1010]]",2
556.png,0.007599830627441406,131,train,,,,"[[384, 0, 1816, 1079]]",1
557.png,0.007729291915893555,129,train,,,,"[[368, 0, 1819, 1079]]",1
558.png,0.007825613021850586,127,person,person,train,,"[[1694, 313, 1911, 937], [949, 523, 1208, 1024], [360, 0, 1878, 1079]]",3
559.png,0.008291006088256836,120,person,person,train,,"[[880, 512, 1121, 1076], [1523, 386, 1885, 873], [358, 0, 1838, 1079]]",3
560.png,0.00710606575012207,140,person,person,,,"[[1635, 323, 1816, 585], [1566, 485, 1875, 935]]",2
561.png,0.0072438716888427734,138,person,,,,"[[1662, 272, 1919, 636]]",1
562.png,0.007544040679931641,132,person,,,,"[[1674, 277, 1919, 639]]",1
563.png,0.006510257720947266,153,,,,,[],0
564.png,0.007864713668823242,127,person,person,,,"[[823, 480, 1401, 1079], [1686, 419, 1907, 999]]",2
565.png,0.006554365158081055,152,,,,,[],0
566.png,0.00661158561706543,151,,,,,[],0
567.png,0.006546974182128906,152,,,,,[],0
568.png,0.006746768951416016,148,,,,,[],0
569.png,0.006566524505615234,152,,,,,[],0
570.png,0.007980585098266602,125,train,,,,"[[336, 0, 1626, 1079]]",1
571.png,0.007575273513793945,132,train,,,,"[[309, 0, 1649, 1079]]",1
572.png,0.007019519805908203,142,person,train,,,"[[1535, 410, 1919, 852], [297, 0, 1639, 1079]]",2
573.png,0.007557868957519531,132,train,,,,"[[264, 0, 1688, 1079]]",1
574.png,0.008699893951416016,114,aeroplane,person,person,,"[[76, 8, 1861, 1079], [0, 137, 804, 1079], [1684, 507, 1919, 910]]",3
575.png,0.008296012878417969,120,aeroplane,person,person,,"[[76, 8, 1861, 1079], [0, 137, 804, 1079], [1684, 507, 1919, 910]]",3
576.png,0.007249593734741211,137,sofa,,,,"[[86, 541, 1815, 1050]]",1
577.png,0.007575035095214844,132,train,,,,"[[338, 0, 1615, 1079]]",1
578.png,0.007607936859130859,131,train,,,,"[[271, 0, 1681, 1079]]",1
579.png,0.006562709808349609,152,,,,,[],0
580.png,0.007266044616699219,137,train,,,,"[[326, 0, 1633, 1079]]",1
581.png,0.0065195560455322266,153,,,,,[],0
582.png,0.007208824157714844,138,car,,,,"[[0, 408, 553, 678]]",1
583.png,0.006476640701293945,154,,,,,[],0
584.png,0.006493806838989258,153,,,,,[],0
585.png,0.007192850112915039,139,person,,,,"[[908, 836, 1085, 1059]]",1
586.png,0.007287502288818359,137,car,person,,,"[[793, 149, 1369, 469], [1088, 685, 1331, 1047]]",2
587.png,0.006568431854248047,152,,,,,[],0
588.png,0.006509542465209961,153,,,,,[],0
589.png,0.006933689117431641,144,,,,,[],0
590.png,0.00674748420715332,148,,,,,[],0
591.png,0.007216930389404297,138,person,,,,"[[1020, 677, 1293, 1061]]",1
592.png,0.006990671157836914,143,,,,,[],0
593.png,0.007396697998046875,135,person,,,,"[[1002, 681, 1298, 1051]]",1
594.png,0.006526947021484375,153,,,,,[],0
595.png,0.00648808479309082,154,,,,,[],0
596.png,0.006536960601806641,152,,,,,[],0
597.png,0.00729060173034668,137,person,,,,"[[1013, 679, 1297, 1053]]",1
598.png,0.0070416927337646484,142,car,person,,,"[[670, 184, 1314, 532], [812, 552, 1053, 1042]]",2
599.png,0.007198810577392578,138,motorbike,,,,"[[265, 97, 1690, 1079]]",1
600.png,0.007157325744628906,139,motorbike,,,,"[[265, 97, 1690, 1079]]",1
601.png,0.0072786808013916016,137,person,,,,"[[578, 106, 737, 335]]",1
602.png,0.0072574615478515625,137,person,,,,"[[1364, 191, 1527, 412]]",1
603.png,0.006270408630371094,159,,,,,[],0
604.png,0.0068166255950927734,146,train,,,,"[[824, 0, 1919, 1079]]",1
605.png,0.0060579776763916016,165,,,,,[],0
606.png,0.0073604583740234375,135,car,car,,,"[[905, 491, 1409, 796], [1311, 495, 1857, 705]]",2
607.png,0.008042335510253906,124,car,car,,,"[[922, 512, 1489, 773], [1320, 497, 1850, 699]]",2
608.png,0.0077817440032958984,128,car,car,,,"[[934, 512, 1505, 782], [1341, 493, 1820, 699]]",2
609.png,0.00790548324584961,126,car,car,,,"[[936, 512, 1532, 763], [1302, 490, 1854, 660]]",2
610.png,0.007463932037353516,133,car,,,,"[[993, 511, 1777, 734]]",1
611.png,0.007519960403442383,132,car,,,,"[[998, 528, 1754, 755]]",1
612.png,0.007584333419799805,131,car,,,,"[[951, 560, 1768, 804]]",1
613.png,0.006592988967895508,151,,,,,[],0
614.png,0.006502628326416016,153,,,,,[],0
615.png,0.00647735595703125,154,,,,,[],0
616.png,0.006509065628051758,153,,,,,[],0
617.png,0.006703615188598633,149,,,,,[],0
618.png,0.006506919860839844,153,,,,,[],0
619.png,0.006511211395263672,153,,,,,[],0
620.png,0.0064923763275146484,154,,,,,[],0
621.png,0.00651860237121582,153,,,,,[],0
622.png,0.006481170654296875,154,,,,,[],0
623.png,0.006727457046508789,148,,,,,[],0
624.png,0.006510019302368164,153,,,,,[],0
625.png,0.006474494934082031,154,,,,,[],0
626.png,0.006533384323120117,153,,,,,[],0
627.png,0.006514072418212891,153,,,,,[],0
628.png,0.006535768508911133,153,,,,,[],0
629.png,0.006498098373413086,153,,,,,[],0
630.png,0.00658416748046875,151,,,,,[],0
631.png,0.006303310394287109,158,,,,,[],0
632.png,0.006523847579956055,153,,,,,[],0
633.png,0.006545543670654297,152,,,,,[],0
634.png,0.0067484378814697266,148,,,,,[],0
635.png,0.0062139034271240234,160,,,,,[],0
636.png,0.006726503372192383,148,,,,,[],0
637.png,0.006487369537353516,154,,,,,[],0
638.png,0.006560087203979492,152,,,,,[],0
639.png,0.006559133529663086,152,,,,,[],0
640.png,0.00653529167175293,153,,,,,[],0
641.png,0.006501436233520508,153,,,,,[],0
642.png,0.006529331207275391,153,,,,,[],0
643.png,0.009385108947753906,106,,,,,[],0
644.png,0.007253170013427734,137,person,,,,"[[695, 397, 1233, 1053]]",1
645.png,0.00655817985534668,152,,,,,[],0
646.png,0.006468772888183594,154,,,,,[],0
647.png,0.006605625152587891,151,,,,,[],0
648.png,0.006491899490356445,154,,,,,[],0
649.png,0.006512165069580078,153,,,,,[],0
650.png,0.006447553634643555,155,,,,,[],0
651.png,0.006920814514160156,144,,,,,[],0
652.png,0.006510734558105469,153,,,,,[],0
653.png,0.006388664245605469,156,,,,,[],0
654.png,0.006510734558105469,153,,,,,[],0
655.png,0.006482362747192383,154,,,,,[],0
656.png,0.006587028503417969,151,,,,,[],0
657.png,0.0067255496978759766,148,,,,,[],0
658.png,0.006509065628051758,153,,,,,[],0
659.png,0.006487131118774414,154,,,,,[],0
660.png,0.006499290466308594,153,,,,,[],0
661.png,0.0065402984619140625,152,,,,,[],0
662.png,0.006554841995239258,152,,,,,[],0
663.png,0.006579399108886719,151,,,,,[],0
664.png,0.006598472595214844,151,,,,,[],0
665.png,0.006472110748291016,154,,,,,[],0
666.png,0.0065097808837890625,153,,,,,[],0
667.png,0.00660252571105957,151,,,,,[],0
668.png,0.006529569625854492,153,,,,,[],0
669.png,0.0065157413482666016,153,,,,,[],0
670.png,0.0065402984619140625,152,,,,,[],0
671.png,0.007517576217651367,133,aeroplane,,,,"[[122, 164, 1782, 1079]]",1
672.png,0.00797724723815918,125,car,person,,,"[[942, 495, 1860, 884], [1580, 502, 1876, 908]]",2
673.png,0.008049726486206055,124,car,person,,,"[[942, 495, 1860, 884], [1580, 502, 1876, 908]]",2
674.png,0.007613658905029297,131,car,person,,,"[[710, 469, 1817, 929], [1653, 536, 1841, 707]]",2
675.png,0.007154941558837891,139,car,,,,"[[791, 481, 1919, 932]]",1
676.png,0.006612300872802734,151,,,,,[],0
677.png,0.007400989532470703,135,car,,,,"[[1179, 483, 1886, 1079]]",1
678.png,0.0065152645111083984,153,,,,,[],0
679.png,0.007332324981689453,136,sofa,,,,"[[1262, 462, 1903, 1079]]",1
680.png,0.007834196090698242,127,sofa,,,,"[[1204, 480, 1919, 1079]]",1
681.png,0.0075719356536865234,132,sofa,,,,"[[1230, 488, 1919, 1079]]",1
682.png,0.007509708404541016,133,sofa,,,,"[[1200, 422, 1919, 1029]]",1
683.png,0.0064907073974609375,154,,,,,[],0
684.png,0.007183074951171875,139,sofa,,,,"[[1238, 496, 1903, 1073]]",1
685.png,0.006501913070678711,153,,,,,[],0
686.png,0.006641387939453125,150,,,,,[],0
687.png,0.006716489791870117,148,,,,,[],0
688.png,0.006844758987426758,146,,,,,[],0
689.png,0.007732391357421875,129,car,car,car,,"[[1279, 433, 1888, 644], [1517, 698, 1902, 1073], [1021, 448, 1452, 646]]",3
690.png,0.006590604782104492,151,,,,,[],0
691.png,0.007280588150024414,137,car,,,,"[[1194, 431, 1919, 621]]",1
692.png,0.007833719253540039,127,car,,,,"[[1267, 413, 1905, 621]]",1
693.png,0.007737636566162109,129,car,,,,"[[1217, 410, 1919, 625]]",1
694.png,0.007521390914916992,132,car,car,,,"[[1467, 430, 1893, 662], [1764, 501, 1919, 700]]",2
695.png,0.007576942443847656,131,car,,,,"[[1437, 418, 1877, 652]]",1
696.png,0.007239103317260742,138,car,,,,"[[1443, 397, 1912, 653]]",1
697.png,0.0074007511138916016,135,car,,,,"[[1443, 397, 1912, 653]]",1
698.png,0.006521940231323242,153,,,,,[],0
699.png,0.007332324981689453,136,car,car,person,,"[[1515, 416, 1919, 677], [970, 472, 1171, 583], [1197, 407, 1556, 697]]",3
700.png,0.007493734359741211,133,car,person,,,"[[1437, 383, 1919, 708], [1265, 497, 1512, 719]]",2
701.png,0.007828235626220703,127,person,,,,"[[1291, 488, 1506, 714]]",1
702.png,0.007519960403442383,132,car,person,,,"[[968, 465, 1156, 610], [1314, 459, 1598, 758]]",2
703.png,0.0076444149017333984,130,car,person,,,"[[959, 467, 1164, 610], [1324, 456, 1597, 764]]",2
704.png,0.00728154182434082,137,car,person,,,"[[956, 464, 1169, 616], [1314, 449, 1608, 774]]",2
705.png,0.007227182388305664,138,car,,,,"[[961, 466, 1160, 616]]",1
706.png,0.0071260929107666016,140,car,,,,"[[962, 463, 1150, 612]]",1
707.png,0.007660388946533203,130,car,motorbike,,,"[[975, 465, 1148, 610], [1403, 490, 1919, 924]]",2
708.png,0.006905078887939453,144,,,,,[],0
709.png,0.006702423095703125,149,,,,,[],0
710.png,0.007239103317260742,138,car,,,,"[[905, 478, 1115, 615]]",1
711.png,0.0065996646881103516,151,,,,,[],0
712.png,0.006577730178833008,152,,,,,[],0
713.png,0.00722050666809082,138,car,,,,"[[878, 480, 1135, 632]]",1
714.png,0.006551265716552734,152,,,,,[],0
715.png,0.006675243377685547,149,,,,,[],0
716.png,0.007234334945678711,138,car,,,,"[[939, 458, 1191, 639]]",1
717.png,0.007196187973022461,138,car,,,,"[[935, 463, 1194, 644]]",1
718.png,0.006522655487060547,153,,,,,[],0
719.png,0.006484031677246094,154,,,,,[],0
720.png,0.0077245235443115234,129,car,person,,,"[[5, 495, 386, 1030], [595, 42, 830, 240]]",2
721.png,0.007747173309326172,129,car,person,,,"[[3, 490, 427, 1035], [589, 41, 834, 235]]",2
722.png,0.0076808929443359375,130,car,person,,,"[[3, 490, 427, 1035], [589, 41, 834, 235]]",2
723.png,0.0072021484375,138,train,,,,"[[0, 358, 403, 1061]]",1
724.png,0.006658792495727539,150,,,,,[],0
725.png,0.0065784454345703125,152,,,,,[],0
726.png,0.00723576545715332,138,car,,,,"[[0, 499, 231, 1079]]",1
727.png,0.007628917694091797,131,train,,,,"[[9, 0, 730, 936]]",1
728.png,0.007770061492919922,128,train,,,,"[[0, 10, 813, 1060]]",1
729.png,0.007787942886352539,128,train,,,,"[[0, 0, 799, 1079]]",1
730.png,0.007555961608886719,132,train,,,,"[[59, 0, 938, 934]]",1
731.png,0.007190704345703125,139,train,,,,"[[0, 0, 1138, 1079]]",1
732.png,0.007485151290893555,133,train,,,,"[[114, 0, 917, 1079]]",1
733.png,0.007156848907470703,139,train,,,,"[[0, 0, 748, 981]]",1
734.png,0.007480144500732422,133,train,,,,"[[0, 0, 782, 935]]",1
735.png,0.007514476776123047,133,train,,,,"[[0, 0, 784, 950]]",1
736.png,0.006591796875,151,,,,,[],0
737.png,0.006696462631225586,149,,,,,[],0
738.png,0.0065479278564453125,152,,,,,[],0
739.png,0.006586551666259766,151,,,,,[],0
740.png,0.006600856781005859,151,,,,,[],0
741.png,0.007756233215332031,128,train,,,,"[[66, 28, 637, 706]]",1
742.png,0.0072252750396728516,138,train,,,,"[[92, 2, 655, 727]]",1
743.png,0.007438182830810547,134,train,,,,"[[36, 7, 676, 721]]",1
744.png,0.007277965545654297,137,train,,,,"[[27, 10, 716, 719]]",1
745.png,0.007372140884399414,135,tvmonitor,,,,"[[37, 0, 726, 667]]",1
746.png,0.007601022720336914,131,tvmonitor,,,,"[[37, 0, 726, 667]]",1
747.png,0.0074901580810546875,133,train,,,,"[[21, 0, 764, 761]]",1
748.png,0.007814407348632812,127,train,,,,"[[0, 0, 793, 929]]",1
749.png,0.007227659225463867,138,train,,,,"[[0, 0, 824, 981]]",1
750.png,0.0075168609619140625,133,train,,,,"[[2, 0, 794, 961]]",1
751.png,0.0076313018798828125,131,train,,,,"[[0, 0, 800, 984]]",1
752.png,0.0067365169525146484,148,,,,,[],0
753.png,0.006544589996337891,152,,,,,[],0
754.png,0.006472110748291016,154,,,,,[],0
755.png,0.0065631866455078125,152,,,,,[],0
756.png,0.007607698440551758,131,train,,,,"[[0, 0, 826, 1079]]",1
757.png,0.006519317626953125,153,,,,,[],0
758.png,0.007424592971801758,134,train,,,,"[[0, 6, 799, 1073]]",1
759.png,0.007138967514038086,140,train,,,,"[[0, 20, 772, 908]]",1
760.png,0.007958412170410156,125,train,,,,"[[10, 53, 781, 1023]]",1
761.png,0.007906436920166016,126,train,,,,"[[0, 51, 792, 1018]]",1
762.png,0.007500410079956055,133,train,,,,"[[0, 14, 816, 907]]",1
763.png,0.007432699203491211,134,train,,,,"[[0, 10, 824, 910]]",1
764.png,0.00785684585571289,127,car,train,,,"[[967, 527, 1187, 679], [0, 17, 806, 900]]",2
765.png,0.0072634220123291016,137,car,,,,"[[956, 544, 1197, 677]]",1
766.png,0.007230043411254883,138,car,,,,"[[960, 554, 1221, 667]]",1
767.png,0.00648188591003418,154,,,,,[],0
768.png,0.006490468978881836,154,,,,,[],0
769.png,0.006887197494506836,145,,,,,[],0
770.png,0.006581306457519531,151,,,,,[],0
771.png,0.006574153900146484,152,,,,,[],0
772.png,0.006618022918701172,151,,,,,[],0
773.png,0.007785797119140625,128,train,,,,"[[0, 49, 975, 1025]]",1
774.png,0.007217884063720703,138,train,,,,"[[6, 0, 796, 1079]]",1
775.png,0.006196737289428711,161,,,,,[],0
776.png,0.00759124755859375,131,train,,,,"[[0, 0, 818, 1079]]",1
777.png,0.0073070526123046875,136,car,train,,,"[[930, 547, 1250, 697], [0, 0, 779, 914]]",2
778.png,0.007383823394775391,135,car,train,,,"[[927, 543, 1264, 700], [0, 0, 787, 911]]",2
779.png,0.007970094680786133,125,car,train,,,"[[953, 535, 1269, 698], [0, 0, 805, 901]]",2
780.png,0.008054494857788086,124,car,train,,,"[[951, 538, 1271, 692], [0, 0, 799, 894]]",2
781.png,0.0072824954986572266,137,train,,,,"[[0, 0, 771, 909]]",1
782.png,0.00798797607421875,125,car,train,,,"[[883, 509, 1296, 728], [0, 0, 779, 911]]",2
783.png,0.008076667785644531,123,car,train,,,"[[939, 539, 1251, 704], [0, 0, 769, 901]]",2
784.png,0.007979631423950195,125,car,train,,,"[[950, 537, 1267, 707], [0, 12, 794, 881]]",2
785.png,0.007627725601196289,131,train,,,,"[[0, 0, 801, 910]]",1
786.png,0.007955312728881836,125,train,,,,"[[0, 5, 797, 907]]",1
787.png,0.0074846744537353516,133,train,,,,"[[0, 4, 811, 934]]",1
788.png,0.007528543472290039,132,train,,,,"[[0, 18, 828, 922]]",1
789.png,0.007482767105102539,133,train,,,,"[[0, 34, 851, 903]]",1
790.png,0.007264852523803711,137,train,,,,"[[0, 0, 1054, 1079]]",1
791.png,0.00655364990234375,152,,,,,[],0
792.png,0.007557868957519531,132,train,,,,"[[5, 3, 965, 1078]]",1
793.png,0.006587505340576172,151,,,,,[],0
794.png,0.007525444030761719,132,train,,,,"[[2, 0, 1638, 1079]]",1
795.png,0.0075531005859375,132,train,,,,"[[2, 0, 1638, 1079]]",1
796.png,0.007719278335571289,129,train,,,,"[[0, 75, 1746, 1079]]",1
797.png,0.006591796875,151,car,,,,"[[1106, 549, 1919, 1037]]",1
798.png,0.0075495243072509766,132,car,,,,"[[941, 559, 1919, 1055]]",1
799.png,0.006464719772338867,154,,,,,[],0
800.png,0.0063211917877197266,158,,,,,[],0
801.png,0.00648951530456543,154,,,,,[],0
802.png,0.007266998291015625,137,car,,,,"[[1102, 467, 1329, 592]]",1
803.png,0.00713801383972168,140,car,,,,"[[1098, 467, 1325, 589]]",1
804.png,0.007206916809082031,138,car,,,,"[[1100, 472, 1338, 589]]",1
805.png,0.007739067077636719,129,car,train,,,"[[1104, 474, 1344, 590], [0, 0, 1107, 1079]]",2
806.png,0.008180379867553711,122,car,car,train,,"[[1095, 484, 1374, 599], [929, 504, 1919, 1060], [29, 108, 1842, 1079]]",3
807.png,0.006900787353515625,144,train,,,,"[[81, 122, 1794, 1079]]",1
808.png,0.0072574615478515625,137,train,,,,"[[3, 0, 791, 1079]]",1
809.png,0.007245540618896484,138,train,,,,"[[49, 51, 1859, 1079]]",1
810.png,0.007279396057128906,137,train,,,,"[[15, 80, 1294, 1079]]",1
811.png,0.007004499435424805,142,car,,,,"[[1175, 479, 1919, 1075]]",1
812.png,0.006983041763305664,143,,,,,[],0
813.png,0.0072710514068603516,137,train,,,,"[[117, 37, 1844, 1045]]",1
814.png,0.007452249526977539,134,sofa,,,,"[[1172, 528, 1919, 1041]]",1
815.png,0.006861448287963867,145,,,,,[],0
816.png,0.006488800048828125,154,,,,,[],0
817.png,0.0066792964935302734,149,,,,,[],0
818.png,0.006936550140380859,144,,,,,[],0
819.png,0.006470441818237305,154,,,,,[],0
820.png,0.007131338119506836,140,train,,,,"[[84, 54, 1818, 1079]]",1
821.png,0.007142782211303711,140,train,,,,"[[5, 0, 1333, 1079]]",1
822.png,0.0066471099853515625,150,train,,,,"[[18, 0, 1313, 1079]]",1
823.png,0.007309675216674805,136,train,,,,"[[72, 0, 1251, 1079]]",1
824.png,0.006483793258666992,154,,,,,[],0
825.png,0.007869482040405273,127,train,,,,"[[76, 0, 1259, 1079]]",1
826.png,0.007523775100708008,132,train,,,,"[[134, 65, 1753, 1079]]",1
827.png,0.006699800491333008,149,,,,,[],0
828.png,0.006559610366821289,152,,,,,[],0
829.png,0.006532430648803711,153,,,,,[],0
830.png,0.0076024532318115234,131,train,,,,"[[0, 12, 738, 1046]]",1
831.png,0.006644248962402344,150,,,,,[],0
832.png,0.006507158279418945,153,,,,,[],0
833.png,0.0065746307373046875,152,,,,,[],0
834.png,0.006519317626953125,153,,,,,[],0
835.png,0.006703853607177734,149,,,,,[],0
836.png,0.006609201431274414,151,train,,,,"[[40, 34, 663, 894]]",1
837.png,0.0075800418853759766,131,train,,,,"[[38, 1, 708, 1065]]",1
838.png,0.0075991153717041016,131,train,,,,"[[41, 46, 699, 1019]]",1
839.png,0.006293535232543945,158,,,,,[],0
840.png,0.006565570831298828,152,,,,,[],0
841.png,0.006765842437744141,147,,,,,[],0
842.png,0.0076258182525634766,131,bus,,,,"[[9, 85, 514, 994]]",1
843.png,0.00754094123840332,132,bus,,,,"[[0, 28, 696, 1051]]",1
844.png,0.008009910583496094,124,bus,,,,"[[0, 28, 696, 1051]]",1
845.png,0.007139921188354492,140,bus,,,,"[[19, 59, 705, 871]]",1
846.png,0.006487846374511719,154,,,,,[],0
847.png,0.00669097900390625,149,,,,,[],0
848.png,0.007315397262573242,136,car,,,,"[[2, 8, 469, 1065]]",1
849.png,0.006644725799560547,150,,,,,[],0
850.png,0.00652313232421875,153,,,,,[],0
851.png,0.007125377655029297,140,car,,,,"[[28, 275, 948, 955]]",1
852.png,0.0077478885650634766,129,car,car,,,"[[1005, 548, 1890, 1063], [0, 249, 774, 955]]",2
853.png,0.007775545120239258,128,car,car,,,"[[8, 207, 753, 919], [1148, 540, 1919, 1050]]",2
854.png,0.00751042366027832,133,car,car,,,"[[0, 250, 464, 958], [1142, 526, 1919, 1059]]",2
855.png,0.007561922073364258,132,car,car,,,"[[8, 224, 712, 885], [1137, 521, 1919, 1070]]",2
856.png,0.0075380802154541016,132,car,car,,,"[[1482, 514, 1919, 1067], [1105, 502, 1434, 613]]",2
857.png,0.007505893707275391,133,car,car,,,"[[1173, 501, 1919, 1066], [1109, 498, 1442, 624]]",2
858.png,0.007567167282104492,132,car,person,,,"[[868, 483, 1061, 602], [915, 666, 1256, 1048]]",2
859.png,0.007637739181518555,130,sofa,,,,"[[1498, 548, 1915, 1048]]",1
860.png,0.007488250732421875,133,car,car,,,"[[1571, 558, 1919, 1068], [1345, 442, 1759, 764]]",2
861.png,0.007575035095214844,132,car,car,,,"[[1309, 451, 1792, 672], [979, 464, 1210, 604]]",2
862.png,0.006459712982177734,154,,,,,[],0
863.png,0.007253408432006836,137,car,,,,"[[625, 491, 976, 728]]",1
864.png,0.006552219390869141,152,,,,,[],0
865.png,0.006527900695800781,153,,,,,[],0
866.png,0.00736236572265625,135,car,,,,"[[26, 155, 694, 1060]]",1
867.png,0.0065271854400634766,153,,,,,[],0
868.png,0.006560564041137695,152,,,,,[],0
869.png,0.00768589973449707,130,car,,,,"[[1636, 670, 1919, 1035]]",1
870.png,0.0076143741607666016,131,car,,,,"[[1573, 653, 1919, 1052]]",1
871.png,0.007296562194824219,137,bus,car,car,,"[[37, 102, 692, 1021], [1574, 661, 1919, 1046], [1307, 487, 1770, 762]]",3
872.png,0.007033348083496094,142,car,car,,,"[[1640, 681, 1919, 1026], [1292, 489, 1776, 757]]",2
873.png,0.006493091583251953,154,,,,,[],0
874.png,0.006571531295776367,152,,,,,[],0
875.png,0.006542682647705078,152,,,,,[],0
876.png,0.0066678524017333984,149,,,,,[],0
877.png,0.00750279426574707,133,car,,,,"[[842, 532, 1122, 738]]",1
878.png,0.007578611373901367,131,car,car,,,"[[819, 526, 1116, 734], [388, 517, 656, 684]]",2
879.png,0.007534027099609375,132,car,,,,"[[823, 516, 1173, 763]]",1
880.png,0.007743358612060547,129,car,person,,,"[[818, 509, 1174, 772], [378, 424, 452, 554]]",2
881.png,0.007353782653808594,135,car,person,,,"[[799, 515, 1171, 771], [331, 419, 415, 547]]",2
882.png,0.007603883743286133,131,car,,,,"[[771, 542, 1169, 820]]",1
883.png,0.007246255874633789,138,car,,,,"[[756, 562, 1166, 815]]",1
884.png,0.007328510284423828,136,car,person,,,"[[750, 563, 1169, 819], [156, 429, 285, 617]]",2
885.png,0.006539106369018555,152,,,,,[],0
886.png,0.0064966678619384766,153,,,,,[],0
887.png,0.007271528244018555,137,car,,,,"[[772, 570, 1118, 831]]",1
888.png,0.006532192230224609,153,,,,,[],0
889.png,0.007411479949951172,134,car,,,,"[[829, 550, 1163, 834]]",1
890.png,0.007848262786865234,127,car,car,,,"[[383, 518, 669, 697], [895, 539, 1272, 828]]",2
891.png,0.007497310638427734,133,car,,,,"[[390, 520, 689, 701]]",1
892.png,0.006528615951538086,153,,,,,[],0
893.png,0.0065822601318359375,151,,,,,[],0
894.png,0.0065021514892578125,153,,,,,[],0
895.png,0.006432771682739258,155,,,,,[],0
896.png,0.006944179534912109,144,,,,,[],0
897.png,0.006269693374633789,159,,,,,[],0
898.png,0.007555246353149414,132,person,,,,"[[3, 595, 195, 1019]]",1
899.png,0.006619691848754883,151,,,,,[],0
900.png,0.007314920425415039,136,pottedplant,,,,"[[1697, 212, 1919, 688]]",1
901.png,0.007413625717163086,134,car,pottedplant,,,"[[579, 509, 817, 703], [1688, 217, 1919, 681]]",2
902.png,0.0065555572509765625,152,,,,,[],0
903.png,0.0064890384674072266,154,,,,,[],0
904.png,0.006582021713256836,151,,,,,[],0
905.png,0.007187366485595703,139,motorbike,,,,"[[431, 14, 1919, 1070]]",1
906.png,0.007943153381347656,125,motorbike,person,,,"[[320, 56, 1904, 1036], [1016, 0, 1761, 939]]",2
907.png,0.007577180862426758,131,person,,,,"[[808, 0, 1443, 797]]",1
908.png,0.007511138916015625,133,person,,,,"[[38, 36, 1919, 1056]]",1
909.png,0.0075609683990478516,132,aeroplane,,,,"[[97, 36, 1919, 1056]]",1
910.png,0.0071947574615478516,138,aeroplane,,,,"[[148, 0, 1919, 1079]]",1
911.png,0.008056640625,124,aeroplane,person,,,"[[1, 0, 1919, 1079], [814, 27, 1335, 728]]",2
912.png,0.007475614547729492,133,aeroplane,,,,"[[0, 15, 1919, 1079]]",1
913.png,0.007459878921508789,134,aeroplane,,,,"[[0, 7, 1919, 1079]]",1
914.png,0.0064733028411865234,154,,,,,[],0
915.png,0.007387638092041016,135,bicycle,,,,"[[21, 0, 1897, 1079]]",1
916.png,0.00715184211730957,139,bus,,,,"[[1495, 454, 1919, 989]]",1
917.png,0.007119417190551758,140,bus,,,,"[[1495, 454, 1919, 989]]",1
918.png,0.007193803787231445,139,cat,,,,"[[562, 15, 1076, 611]]",1
919.png,0.007174253463745117,139,person,,,,"[[553, 59, 1074, 679]]",1
920.png,0.007569789886474609,132,bicycle,,,,"[[0, 146, 1919, 1079]]",1
921.png,0.007756233215332031,128,bicycle,,,,"[[0, 123, 1919, 1079]]",1
922.png,0.007754325866699219,128,bicycle,,,,"[[42, 23, 1847, 1068]]",1
923.png,0.006958484649658203,143,aeroplane,,,,"[[0, 134, 1919, 1079]]",1
924.png,0.007723569869995117,129,aeroplane,,,,"[[0, 28, 1878, 1069]]",1
925.png,0.00753331184387207,132,aeroplane,,,,"[[0, 148, 1919, 1079]]",1
926.png,0.007534027099609375,132,aeroplane,,,,"[[0, 142, 1919, 1079]]",1
927.png,0.008254289627075195,121,car,person,,,"[[0, 355, 1919, 1077], [825, 309, 1036, 659]]",2
928.png,0.007727384567260742,129,person,,,,"[[832, 351, 1042, 695]]",1
929.png,0.006495952606201172,153,,,,,[],0
930.png,0.008018016815185547,124,aeroplane,,,,"[[220, 143, 1919, 1079]]",1
931.png,0.007429361343383789,134,aeroplane,,,,"[[147, 160, 1919, 1079]]",1
932.png,0.006534099578857422,153,,,,,[],0
933.png,0.007143974304199219,139,train,,,,"[[1163, 352, 1919, 1079]]",1
934.png,0.0075380802154541016,132,train,,,,"[[1471, 309, 1919, 1079]]",1
935.png,0.006465435028076172,154,,,,,[],0
936.png,0.0067784786224365234,147,,,,,[],0
937.png,0.006641864776611328,150,,,,,[],0
938.png,0.0068509578704833984,145,,,,,[],0
939.png,0.006528139114379883,153,,,,,[],0
940.png,0.0069086551666259766,144,,,,,[],0
941.png,0.006552457809448242,152,,,,,[],0
942.png,0.006505250930786133,153,,,,,[],0
943.png,0.006750822067260742,148,,,,,[],0
944.png,0.0065572261810302734,152,,,,,[],0
945.png,0.006532430648803711,153,,,,,[],0
946.png,0.006470918655395508,154,,,,,[],0
947.png,0.007549285888671875,132,person,,,,"[[468, 402, 1176, 1034]]",1
948.png,0.007485389709472656,133,person,,,,"[[499, 375, 1096, 1051]]",1
949.png,0.006743669509887695,148,,,,,[],0
950.png,0.007602691650390625,131,person,,,,"[[755, 396, 1193, 1023]]",1
951.png,0.007611274719238281,131,person,,,,"[[791, 320, 1213, 1069]]",1
952.png,0.007510662078857422,133,person,,,,"[[861, 334, 1296, 1053]]",1
953.png,0.0077207088470458984,129,dog,,,,"[[744, 371, 1268, 1009]]",1
954.png,0.007723093032836914,129,car,person,,,"[[1498, 585, 1919, 1008], [723, 385, 1209, 1022]]",2
955.png,0.007927656173706055,126,person,,,,"[[710, 418, 1210, 1018]]",1
956.png,0.007979869842529297,125,person,,,,"[[673, 539, 1205, 1037]]",1
957.png,0.00744175910949707,134,person,,,,"[[666, 722, 1154, 1034]]",1
958.png,0.006495475769042969,153,,,,,[],0
959.png,0.006609201431274414,151,,,,,[],0
960.png,0.00671839714050293,148,,,,,[],0
961.png,0.006708621978759766,149,,,,,[],0
962.png,0.00657200813293457,152,,,,,[],0
963.png,0.007225513458251953,138,aeroplane,,,,"[[33, 288, 1871, 1079]]",1
964.png,0.006189584732055664,161,,,,,[],0
965.png,0.006300926208496094,158,,,,,[],0
966.png,0.006485939025878906,154,,,,,[],0
967.png,0.006461620330810547,154,,,,,[],0
968.png,0.006437063217163086,155,,,,,[],0
969.png,0.006677865982055664,149,,,,,[],0
970.png,0.006480693817138672,154,,,,,[],0
971.png,0.006465911865234375,154,,,,,[],0
972.png,0.007287502288818359,137,aeroplane,,,,"[[0, 180, 1919, 1064]]",1
973.png,0.006750822067260742,148,,,,,[],0
974.png,0.00746917724609375,133,aeroplane,,,,"[[6, 157, 1884, 1079]]",1
975.png,0.0065653324127197266,152,,,,,[],0
976.png,0.006496429443359375,153,,,,,[],0
977.png,0.007307291030883789,136,aeroplane,,,,"[[0, 494, 1305, 1079]]",1
978.png,0.006891727447509766,145,,,,,[],0
979.png,0.006269693374633789,159,,,,,[],0
980.png,0.006554603576660156,152,,,,,[],0
981.png,0.0064852237701416016,154,,,,,[],0
982.png,0.007254838943481445,137,boat,,,,"[[0, 160, 1180, 1071]]",1
983.png,0.0074651241302490234,133,boat,,,,"[[34, 120, 1295, 1079]]",1
984.png,0.0065441131591796875,152,,,,,[],0
985.png,0.007342815399169922,136,aeroplane,,,,"[[0, 120, 1919, 1079]]",1
986.png,0.0065915584564208984,151,,,,,[],0
987.png,0.006810903549194336,146,,,,,[],0
988.png,0.006579875946044922,151,,,,,[],0
989.png,0.0065610408782958984,152,,,,,[],0
990.png,0.006529092788696289,153,,,,,[],0
991.png,0.0066242218017578125,150,,,,,[],0
992.png,0.0065310001373291016,153,,,,,[],0
993.png,0.007277488708496094,137,person,,,,"[[825, 527, 1010, 676]]",1
994.png,0.006538867950439453,152,,,,,[],0
995.png,0.006574392318725586,152,,,,,[],0
996.png,0.006620883941650391,151,,,,,[],0
997.png,0.006767749786376953,147,,,,,[],0
998.png,0.006860494613647461,145,,,,,[],0
999.png,0.007509708404541016,133,person,,,,"[[649, 515, 980, 850]]",1
1000.png,0.007328510284423828,136,person,,,,"[[656, 501, 969, 769]]",1
1001.png,0.006870269775390625,145,person,,,,"[[643, 495, 947, 766]]",1
1002.png,0.007616519927978516,131,person,,,,"[[625, 452, 907, 757]]",1
1003.png,0.007842540740966797,127,person,,,,"[[495, 446, 890, 760]]",1
1004.png,0.007635593414306641,130,person,,,,"[[412, 447, 861, 775]]",1
1005.png,0.007600069046020508,131,person,,,,"[[428, 436, 821, 796]]",1
1006.png,0.007208347320556641,138,person,,,,"[[267, 468, 818, 825]]",1
1007.png,0.007603645324707031,131,person,,,,"[[279, 481, 788, 936]]",1
1008.png,0.007500886917114258,133,person,,,,"[[88, 481, 726, 1074]]",1
1009.png,0.007440090179443359,134,person,,,,"[[182, 490, 787, 993]]",1
1010.png,0.0074427127838134766,134,person,,,,"[[42, 490, 638, 1042]]",1
1011.png,0.00778651237487793,128,person,,,,"[[14, 475, 513, 1064]]",1
1012.png,0.007620334625244141,131,person,,,,"[[75, 505, 626, 1079]]",1
1013.png,0.006579160690307617,151,,,,,[],0
1014.png,0.0073130130767822266,136,aeroplane,,,,"[[654, 103, 1848, 492]]",1
1015.png,0.007336616516113281,136,aeroplane,,,,"[[654, 103, 1848, 492]]",1
1016.png,0.006601095199584961,151,,,,,[],0
1017.png,0.007456779479980469,134,aeroplane,,,,"[[617, 97, 1877, 483]]",1
1018.png,0.007218122482299805,138,aeroplane,,,,"[[603, 94, 1884, 488]]",1
1019.png,0.006283760070800781,159,,,,,[],0
1020.png,0.007528543472290039,132,aeroplane,,,,"[[628, 105, 1833, 483]]",1
1021.png,0.006639003753662109,150,,,,,[],0
1022.png,0.007661581039428711,130,aeroplane,,,,"[[614, 69, 1849, 505]]",1
1023.png,0.007599830627441406,131,aeroplane,,,,"[[0, 416, 1919, 1079]]",1
1024.png,0.007570028305053711,132,aeroplane,,,,"[[85, 333, 1919, 1061]]",1
1025.png,0.0075647830963134766,132,aeroplane,aeroplane,,,"[[46, 344, 1919, 1071], [651, 102, 1824, 477]]",2
1026.png,0.0074503421783447266,134,aeroplane,aeroplane,,,"[[80, 332, 1919, 1079], [405, 108, 1816, 477]]",2
1027.png,0.007247447967529297,137,aeroplane,,,,"[[421, 115, 1801, 436]]",1
1028.png,0.006472349166870117,154,,,,,[],0
1029.png,0.006920337677001953,144,,,,,[],0
1030.png,0.007503032684326172,133,aeroplane,,,,"[[482, 123, 1726, 455]]",1
1031.png,0.006692171096801758,149,,,,,[],0
1032.png,0.006743431091308594,148,,,,,[],0
1033.png,0.007502079010009766,133,aeroplane,,,,"[[434, 115, 1783, 448]]",1
1034.png,0.007143259048461914,139,aeroplane,,,,"[[479, 135, 1729, 467]]",1
1035.png,0.007500410079956055,133,aeroplane,,,,"[[380, 91, 1805, 447]]",1
1036.png,0.00766754150390625,130,aeroplane,,,,"[[415, 97, 1768, 460]]",1
1037.png,0.0072824954986572266,137,aeroplane,,,,"[[394, 99, 1805, 453]]",1
1038.png,0.0075337886810302734,132,aeroplane,,,,"[[418, 68, 1789, 486]]",1
1039.png,0.007549762725830078,132,aeroplane,,,,"[[418, 68, 1789, 486]]",1
1040.png,0.006514549255371094,153,,,,,[],0
1041.png,0.007477998733520508,133,aeroplane,,,,"[[415, 86, 1797, 447]]",1
1042.png,0.007647275924682617,130,aeroplane,,,,"[[534, 77, 1918, 458]]",1
1043.png,0.007679939270019531,130,aeroplane,sofa,,,"[[457, 92, 1729, 451], [1474, 551, 1919, 1026]]",2
1044.png,0.007514238357543945,133,aeroplane,,,,"[[487, 95, 1731, 441]]",1
1045.png,0.007565021514892578,132,aeroplane,,,,"[[546, 15, 1919, 426]]",1
1046.png,0.007777214050292969,128,aeroplane,,,,"[[609, 25, 1883, 425]]",1
1047.png,0.0075588226318359375,132,aeroplane,,,,"[[599, 34, 1878, 416]]",1
1048.png,0.0075092315673828125,133,aeroplane,,,,"[[470, 35, 1752, 419]]",1
1049.png,0.007633209228515625,131,aeroplane,sofa,,,"[[668, 98, 1799, 439], [1502, 565, 1905, 1036]]",2
1050.png,0.007590293884277344,131,aeroplane,,,,"[[636, 72, 1831, 453]]",1
1051.png,0.007514476776123047,133,aeroplane,,,,"[[639, 80, 1837, 451]]",1
1052.png,0.007478237152099609,133,aeroplane,,,,"[[661, 80, 1836, 454]]",1
1053.png,0.007895231246948242,126,aeroplane,sofa,,,"[[634, 39, 1858, 430], [1460, 591, 1919, 1018]]",2
1054.png,0.007784605026245117,128,aeroplane,,,,"[[628, 17, 1864, 443]]",1
1055.png,0.0076067447662353516,131,aeroplane,,,,"[[659, 88, 1864, 447]]",1
1056.png,0.007537364959716797,132,aeroplane,,,,"[[602, 78, 1903, 455]]",1
1057.png,0.007500171661376953,133,aeroplane,,,,"[[621, 64, 1908, 473]]",1
1058.png,0.0076558589935302734,130,aeroplane,sofa,,,"[[615, 62, 1919, 482], [1190, 557, 1919, 1052]]",2
1059.png,0.006995677947998047,142,aeroplane,,,,"[[593, 78, 1919, 468]]",1
1060.png,0.007544755935668945,132,aeroplane,,,,"[[612, 56, 1919, 492]]",1
1061.png,0.00755000114440918,132,aeroplane,,,,"[[668, 9, 1901, 451]]",1
1062.png,0.0069806575775146484,143,aeroplane,,,,"[[795, 93, 1919, 481]]",1
1063.png,0.0077550411224365234,128,aeroplane,,,,"[[610, 57, 1919, 486]]",1
1064.png,0.007509469985961914,133,aeroplane,,,,"[[610, 57, 1919, 486]]",1
1065.png,0.0065844058990478516,151,,,,,[],0
1066.png,0.00744938850402832,134,aeroplane,,,,"[[647, 52, 1858, 499]]",1
1067.png,0.00722503662109375,138,aeroplane,,,,"[[623, 32, 1867, 537]]",1
1068.png,0.0071642398834228516,139,aeroplane,,,,"[[623, 30, 1856, 527]]",1
1069.png,0.006752729415893555,148,aeroplane,,,,"[[440, 5, 1760, 446]]",1
1070.png,0.006680965423583984,149,,,,,[],0
1071.png,0.007941961288452148,125,aeroplane,,,,"[[229, 0, 1919, 1079]]",1
1072.png,0.006558656692504883,152,,,,,[],0
1073.png,0.006534099578857422,153,,,,,[],0
1074.png,0.006576061248779297,152,,,,,[],0
1075.png,0.007555246353149414,132,aeroplane,,,,"[[48, 0, 1849, 1068]]",1
1076.png,0.007692098617553711,130,aeroplane,,,,"[[190, 0, 1919, 1079]]",1
1077.png,0.007463932037353516,133,aeroplane,,,,"[[123, 0, 1798, 1079]]",1
1078.png,0.0064809322357177734,154,,,,,[],0
1079.png,0.007504701614379883,133,aeroplane,,,,"[[209, 0, 1919, 1079]]",1
1080.png,0.00754857063293457,132,aeroplane,,,,"[[124, 0, 1919, 1079]]",1
1081.png,0.007575035095214844,132,aeroplane,,,,"[[187, 3, 1919, 1065]]",1
1082.png,0.0075757503509521484,132,aeroplane,,,,"[[98, 9, 1843, 1034]]",1
1083.png,0.007155179977416992,139,aeroplane,,,,"[[161, 12, 1763, 1045]]",1
1084.png,0.007341146469116211,136,aeroplane,,,,"[[22, 0, 1897, 1071]]",1
1085.png,0.007618427276611328,131,aeroplane,,,,"[[0, 0, 1919, 1076]]",1
1086.png,0.007571220397949219,132,aeroplane,,,,"[[32, 0, 1882, 1062]]",1
1087.png,0.007527589797973633,132,aeroplane,,,,"[[0, 0, 1919, 965]]",1
1088.png,0.0075397491455078125,132,aeroplane,,,,"[[0, 0, 1919, 965]]",1
1089.png,0.007508993148803711,133,aeroplane,,,,"[[0, 0, 1919, 1079]]",1
1090.png,0.007506132125854492,133,aeroplane,,,,"[[5, 0, 1919, 1076]]",1
1091.png,0.007910728454589844,126,aeroplane,,,,"[[43, 0, 1886, 1055]]",1
1092.png,0.007227420806884766,138,aeroplane,,,,"[[74, 38, 1837, 1014]]",1
1093.png,0.007189035415649414,139,aeroplane,,,,"[[80, 15, 1842, 1041]]",1
1094.png,0.0075871944427490234,131,aeroplane,,,,"[[85, 0, 1834, 1074]]",1
1095.png,0.007521867752075195,132,aeroplane,,,,"[[44, 0, 1881, 1079]]",1
1096.png,0.007476329803466797,133,aeroplane,,,,"[[250, 0, 1919, 1074]]",1
1097.png,0.006683349609375,149,,,,,[],0
1098.png,0.00659489631652832,151,,,,,[],0
1099.png,0.006536960601806641,152,,,,,[],0
1100.png,0.0063571929931640625,157,,,,,[],0
1101.png,0.006612539291381836,151,,,,,[],0
1102.png,0.006613969802856445,151,,,,,[],0
1103.png,0.006598949432373047,151,,,,,[],0
1104.png,0.006601572036743164,151,,,,,[],0
1105.png,0.0065517425537109375,152,,,,,[],0
1106.png,0.006521463394165039,153,,,,,[],0
1107.png,0.006728649139404297,148,,,,,[],0
1108.png,0.0072591304779052734,137,train,,,,"[[0, 147, 1772, 1077]]",1
1109.png,0.007199764251708984,138,train,,,,"[[0, 122, 1788, 1079]]",1
1110.png,0.006285190582275391,159,,,,,[],0
1111.png,0.006525516510009766,153,,,,,[],0
1112.png,0.006474494934082031,154,,,,,[],0
1113.png,0.0074541568756103516,134,boat,,,,"[[22, 106, 1664, 1079]]",1
1114.png,0.006470918655395508,154,,,,,[],0
1115.png,0.007331132888793945,136,horse,,,,"[[985, 142, 1767, 1055]]",1
1116.png,0.0074672698974609375,133,aeroplane,,,,"[[57, 26, 1887, 1066]]",1
1117.png,0.007278919219970703,137,aeroplane,,,,"[[863, 0, 1919, 1079]]",1
1118.png,0.0071794986724853516,139,aeroplane,,,,"[[854, 0, 1917, 1079]]",1
1119.png,0.007531166076660156,132,aeroplane,,,,"[[838, 0, 1919, 1079]]",1
1120.png,0.007624626159667969,131,aeroplane,,,,"[[223, 37, 1919, 1072]]",1
1121.png,0.0074634552001953125,133,aeroplane,,,,"[[66, 113, 1893, 1079]]",1
1122.png,0.007325172424316406,136,aeroplane,horse,,,"[[833, 42, 1919, 1067], [926, 146, 1892, 1059]]",2
1123.png,0.0075283050537109375,132,aeroplane,,,,"[[974, 192, 1889, 1043]]",1
1124.png,0.0066339969635009766,150,,,,,[],0
1125.png,0.006620168685913086,151,person,,,,"[[643, 495, 768, 689]]",1
1126.png,0.006485939025878906,154,,,,,[],0
1127.png,0.007203817367553711,138,horse,,,,"[[982, 332, 1638, 1059]]",1
1128.png,0.007550954818725586,132,person,person,,,"[[449, 511, 644, 690], [547, 493, 692, 708]]",2
1129.png,0.007533550262451172,132,person,,,,"[[551, 493, 693, 717]]",1
1130.png,0.007907390594482422,126,horse,person,person,,"[[1012, 341, 1708, 1061], [481, 467, 630, 735], [549, 472, 693, 736]]",3
1131.png,0.007020235061645508,142,person,,,,"[[495, 480, 639, 750]]",1
1132.png,0.007568359375,132,person,,,,"[[462, 485, 608, 774]]",1
1133.png,0.007518768310546875,133,person,,,,"[[446, 481, 599, 790]]",1
1134.png,0.0075261592864990234,132,person,,,,"[[377, 452, 607, 838]]",1
1135.png,0.007500410079956055,133,person,,,,"[[385, 460, 597, 923]]",1
1136.png,0.007236003875732422,138,person,,,,"[[383, 464, 602, 959]]",1
1137.png,0.00727391242980957,137,person,,,,"[[383, 464, 602, 959]]",1
1138.png,0.007482290267944336,133,person,,,,"[[399, 472, 615, 961]]",1
1139.png,0.007475614547729492,133,person,,,,"[[402, 475, 624, 967]]",1
1140.png,0.007605314254760742,131,person,person,,,"[[411, 468, 647, 988], [910, 433, 1021, 631]]",2
1141.png,0.007752418518066406,128,person,,,,"[[413, 477, 660, 994]]",1
1142.png,0.007469654083251953,133,person,,,,"[[428, 476, 663, 1042]]",1
1143.png,0.007527351379394531,132,person,,,,"[[447, 503, 696, 1014]]",1
1144.png,0.0077321529388427734,129,person,,,,"[[520, 480, 768, 991]]",1
1145.png,0.007521152496337891,132,person,,,,"[[670, 495, 922, 955]]",1
1146.png,0.007575035095214844,132,motorbike,person,,,"[[995, 505, 1857, 1056], [714, 495, 1010, 948]]",2
1147.png,0.007506370544433594,133,person,,,,"[[863, 502, 1086, 922]]",1
1148.png,0.0065021514892578125,153,,,,,[],0
1149.png,0.007128000259399414,140,person,,,,"[[890, 577, 1068, 827]]",1
1150.png,0.0069539546966552734,143,,,,,[],0
1151.png,0.006625652313232422,150,,,,,[],0
1152.png,0.006543636322021484,152,,,,,[],0
1153.png,0.0067348480224609375,148,,,,,[],0
1154.png,0.006506204605102539,153,,,,,[],0
1155.png,0.006485462188720703,154,,,,,[],0
1156.png,0.006478309631347656,154,,,,,[],0
1157.png,0.006571292877197266,152,,,,,[],0
1158.png,0.006528615951538086,153,,,,,[],0
1159.png,0.007820367813110352,127,aeroplane,,,,"[[381, 153, 1843, 1077]]",1
1160.png,0.006534576416015625,153,,,,,[],0
1161.png,0.006490468978881836,154,,,,,[],0
1162.png,0.0071947574615478516,138,person,,,,"[[1011, 379, 1138, 709]]",1
1163.png,0.006517887115478516,153,,,,,[],0
1164.png,0.007470130920410156,133,person,,,,"[[841, 383, 1100, 697]]",1
1165.png,0.007703065872192383,129,person,,,,"[[788, 361, 1025, 700]]",1
1166.png,0.007762432098388672,128,person,,,,"[[735, 340, 998, 678]]",1
1167.png,0.0075931549072265625,131,person,,,,"[[741, 341, 991, 673]]",1
1168.png,0.007212400436401367,138,person,,,,"[[730, 333, 968, 694]]",1
1169.png,0.0075724124908447266,132,person,,,,"[[743, 352, 959, 676]]",1
1170.png,0.007394313812255859,135,person,,,,"[[834, 364, 991, 592]]",1
1171.png,0.007218360900878906,138,person,,,,"[[854, 343, 1000, 600]]",1
1172.png,0.007447004318237305,134,person,,,,"[[889, 346, 1052, 583]]",1
1173.png,0.0064830780029296875,154,,,,,[],0
1174.png,0.006490468978881836,154,,,,,[],0
1175.png,0.006773710250854492,147,,,,,[],0
1176.png,0.007233619689941406,138,person,,,,"[[959, 331, 1165, 739]]",1
1177.png,0.007615327835083008,131,person,,,,"[[945, 328, 1155, 739]]",1
1178.png,0.00650787353515625,153,,,,,[],0
1179.png,0.006494760513305664,153,,,,,[],0
1180.png,0.00645136833190918,155,,,,,[],0
1181.png,0.006525754928588867,153,,,,,[],0
1182.png,0.00759577751159668,131,person,,,,"[[825, 378, 1020, 872]]",1
1183.png,0.007268190383911133,137,person,,,,"[[797, 366, 1047, 879]]",1
1184.png,0.007601022720336914,131,person,,,,"[[693, 301, 999, 916]]",1
1185.png,0.0071866512298583984,139,person,,,,"[[691, 302, 1003, 916]]",1
1186.png,0.0071370601654052734,140,person,,,,"[[691, 302, 1003, 916]]",1
1187.png,0.007233142852783203,138,person,,,,"[[692, 301, 1003, 916]]",1
1188.png,0.0072021484375,138,person,,,,"[[692, 301, 1003, 916]]",1
1189.png,0.007555246353149414,132,person,,,,"[[787, 345, 1149, 1022]]",1
1190.png,0.006129264831542969,163,,,,,[],0
1191.png,0.00648188591003418,154,,,,,[],0
1192.png,0.006602048873901367,151,,,,,[],0
1193.png,0.0065135955810546875,153,,,,,[],0
1194.png,0.006546497344970703,152,,,,,[],0
1195.png,0.006745338439941406,148,,,,,[],0
1196.png,0.006512880325317383,153,,,,,[],0
1197.png,0.00743556022644043,134,aeroplane,,,,"[[45, 0, 1865, 928]]",1
1198.png,0.00755000114440918,132,aeroplane,,,,"[[0, 0, 1919, 926]]",1
1199.png,0.0074727535247802734,133,aeroplane,,,,"[[0, 6, 1919, 897]]",1
1200.png,0.007521867752075195,132,aeroplane,,,,"[[9, 28, 1919, 874]]",1
1201.png,0.007498502731323242,133,aeroplane,,,,"[[4, 28, 1919, 879]]",1
1202.png,0.007489204406738281,133,aeroplane,,,,"[[0, 18, 1919, 876]]",1
1203.png,0.007525444030761719,132,aeroplane,,,,"[[13, 77, 1919, 849]]",1
1204.png,0.007457733154296875,134,aeroplane,,,,"[[0, 43, 1919, 850]]",1
1205.png,0.007546186447143555,132,aeroplane,,,,"[[80, 69, 1840, 859]]",1
1206.png,0.007573127746582031,132,aeroplane,,,,"[[67, 68, 1855, 827]]",1
1207.png,0.007567405700683594,132,aeroplane,,,,"[[116, 0, 1825, 806]]",1
1208.png,0.007577180862426758,131,aeroplane,,,,"[[85, 0, 1865, 766]]",1
1209.png,0.007487058639526367,133,aeroplane,,,,"[[293, 66, 1916, 822]]",1
1210.png,0.007892847061157227,126,aeroplane,,,,"[[293, 66, 1916, 822]]",1
1211.png,0.007568359375,132,aeroplane,,,,"[[128, 0, 1826, 780]]",1
1212.png,0.007522106170654297,132,aeroplane,,,,"[[134, 0, 1814, 781]]",1
1213.png,0.007538795471191406,132,aeroplane,,,,"[[242, 81, 1919, 813]]",1
1214.png,0.007941961288452148,125,aeroplane,,,,"[[218, 93, 1919, 802]]",1
1215.png,0.006931304931640625,144,aeroplane,,,,"[[330, 59, 1853, 832]]",1
1216.png,0.01115107536315918,89,aeroplane,,,,"[[131, 15, 1772, 750]]",1
1217.png,0.007566213607788086,132,aeroplane,,,,"[[57, 45, 1843, 840]]",1
1218.png,0.007622480392456055,131,aeroplane,,,,"[[199, 0, 1732, 764]]",1
1219.png,0.007268428802490234,137,aeroplane,,,,"[[209, 3, 1713, 753]]",1
1220.png,0.007817745208740234,127,aeroplane,,,,"[[150, 11, 1767, 747]]",1
1221.png,0.006844758987426758,146,,,,,[],0
1222.png,0.006466388702392578,154,,,,,[],0
1223.png,0.006422281265258789,155,,,,,[],0
1224.png,0.006834268569946289,146,,,,,[],0
1225.png,0.0065155029296875,153,,,,,[],0
1226.png,0.006508350372314453,153,,,,,[],0
1227.png,0.006505012512207031,153,,,,,[],0
1228.png,0.006523609161376953,153,,,,,[],0
1229.png,0.006597995758056641,151,,,,,[],0
1230.png,0.006531238555908203,153,,,,,[],0
1231.png,0.0065877437591552734,151,,,,,[],0
1232.png,0.006873130798339844,145,,,,,[],0
1233.png,0.006840705871582031,146,,,,,[],0
1234.png,0.006483793258666992,154,,,,,[],0
1235.png,0.006435394287109375,155,,,,,[],0
1236.png,0.006776332855224609,147,,,,,[],0
1237.png,0.006815910339355469,146,,,,,[],0
1238.png,0.006595611572265625,151,,,,,[],0
1239.png,0.006505489349365234,153,,,,,[],0
1240.png,0.006782054901123047,147,,,,,[],0
1241.png,0.006565093994140625,152,,,,,[],0
1242.png,0.006493091583251953,154,,,,,[],0
1243.png,0.006569623947143555,152,,,,,[],0
1244.png,0.0065915584564208984,151,,,,,[],0
1245.png,0.006524801254272461,153,,,,,[],0
1246.png,0.006556034088134766,152,,,,,[],0
1247.png,0.006793975830078125,147,,,,,[],0
1248.png,0.006524562835693359,153,,,,,[],0
1249.png,0.006562709808349609,152,,,,,[],0
1250.png,0.006569623947143555,152,,,,,[],0
1251.png,0.006500720977783203,153,,,,,[],0
1252.png,0.006563663482666016,152,,,,,[],0
1253.png,0.006545305252075195,152,,,,,[],0
1254.png,0.006945610046386719,143,,,,,[],0
1255.png,0.006525993347167969,153,,,,,[],0
1256.png,0.007001161575317383,142,,,,,[],0
1257.png,0.0063953399658203125,156,,,,,[],0
1258.png,0.0064809322357177734,154,,,,,[],0
1259.png,0.0062448978424072266,160,,,,,[],0
1260.png,0.006486415863037109,154,,,,,[],0
1261.png,0.006689786911010742,149,,,,,[],0
1262.png,0.006514072418212891,153,,,,,[],0
1263.png,0.0071773529052734375,139,,,,,[],0
1264.png,0.007163047790527344,139,person,,,,"[[1453, 700, 1554, 829]]",1
1265.png,0.00734400749206543,136,person,,,,"[[1445, 700, 1560, 827]]",1
1266.png,0.007115840911865234,140,person,,,,"[[1449, 704, 1552, 819]]",1
1267.png,0.006494760513305664,153,,,,,[],0
1268.png,0.00719904899597168,138,person,,,,"[[1452, 705, 1562, 823]]",1
1269.png,0.006531953811645508,153,,,,,[],0
1270.png,0.006582021713256836,151,,,,,[],0
1271.png,0.006509304046630859,153,,,,,[],0
1272.png,0.00651240348815918,153,,,,,[],0
1273.png,0.007598400115966797,131,aeroplane,,,,"[[0, 0, 1686, 772]]",1
1274.png,0.007205963134765625,138,person,,,,"[[1399, 729, 1503, 814]]",1
1275.png,0.006422996520996094,155,,,,,[],0
1276.png,0.0065920352935791016,151,,,,,[],0
1277.png,0.0065631866455078125,152,,,,,[],0
1278.png,0.006509304046630859,153,,,,,[],0
1279.png,0.006551980972290039,152,,,,,[],0
1280.png,0.006539821624755859,152,,,,,[],0
1281.png,0.006282806396484375,159,,,,,[],0
1282.png,0.007893800735473633,126,aeroplane,,,,"[[194, 53, 1745, 871]]",1
1283.png,0.007428884506225586,134,aeroplane,,,,"[[194, 53, 1745, 871]]",1
1284.png,0.006482839584350586,154,,,,,[],0
1285.png,0.0066339969635009766,150,,,,,[],0
1286.png,0.006840705871582031,146,,,,,[],0
1287.png,0.006505250930786133,153,,,,,[],0
1288.png,0.0064623355865478516,154,,,,,[],0
1289.png,0.007440328598022461,134,aeroplane,,,,"[[294, 0, 1615, 778]]",1
1290.png,0.00695037841796875,143,aeroplane,,,,"[[237, 48, 1694, 1029]]",1
1291.png,0.007487773895263672,133,pottedplant,,,,"[[341, 65, 1840, 1006]]",1
1292.png,0.00731348991394043,136,pottedplant,,,,"[[335, 0, 1837, 918]]",1
1293.png,0.007456302642822266,134,aeroplane,,,,"[[221, 5, 1714, 891]]",1
1294.png,0.008077383041381836,123,aeroplane,,,,"[[188, 27, 1734, 873]]",1
1295.png,0.007514476776123047,133,aeroplane,,,,"[[343, 8, 1842, 895]]",1
1296.png,0.007506608963012695,133,aeroplane,,,,"[[375, 3, 1812, 892]]",1
1297.png,0.007586002349853516,131,aeroplane,,,,"[[363, 23, 1823, 882]]",1
1298.png,0.007509469985961914,133,aeroplane,,,,"[[180, 0, 1721, 913]]",1
1299.png,0.007514238357543945,133,aeroplane,,,,"[[247, 0, 1651, 862]]",1
1300.png,0.0075304508209228516,132,aeroplane,,,,"[[389, 21, 1793, 900]]",1
1301.png,0.007493257522583008,133,aeroplane,,,,"[[413, 140, 1799, 911]]",1
1302.png,0.00755000114440918,132,aeroplane,,,,"[[350, 121, 1858, 932]]",1
1303.png,0.007584571838378906,131,aeroplane,,,,"[[367, 45, 1829, 896]]",1
1304.png,0.007557868957519531,132,aeroplane,,,,"[[391, 15, 1797, 917]]",1
1305.png,0.00751805305480957,133,aeroplane,,,,"[[356, 32, 1831, 895]]",1
1306.png,0.007811307907104492,128,aeroplane,,,,"[[269, 147, 1901, 923]]",1
1307.png,0.007493257522583008,133,aeroplane,,,,"[[96, 0, 1828, 953]]",1
1308.png,0.007498979568481445,133,aeroplane,,,,"[[96, 0, 1828, 953]]",1
1309.png,0.007854700088500977,127,aeroplane,,,,"[[0, 85, 1919, 967]]",1
1310.png,0.0075910091400146484,131,aeroplane,,,,"[[231, 97, 1919, 971]]",1
1311.png,0.007235527038574219,138,aeroplane,,,,"[[249, 111, 1919, 959]]",1
1312.png,0.00764012336730957,130,aeroplane,,,,"[[234, 134, 1919, 943]]",1
1313.png,0.007696628570556641,129,aeroplane,,,,"[[236, 124, 1919, 943]]",1
1314.png,0.007543802261352539,132,aeroplane,,,,"[[232, 144, 1919, 933]]",1
1315.png,0.007931947708129883,126,aeroplane,,,,"[[236, 142, 1919, 940]]",1
1316.png,0.007481098175048828,133,aeroplane,,,,"[[172, 103, 1777, 962]]",1
1317.png,0.013152837753295898,76,aeroplane,,,,"[[340, 122, 1870, 951]]",1
1318.png,0.0067522525787353516,148,,,,,[],0
1319.png,0.006626129150390625,150,,,,,[],0
1320.png,0.022082090377807617,45,,,,,[],0
1321.png,0.007240772247314453,138,aeroplane,,,,"[[1187, 188, 1907, 900]]",1
1322.png,0.0075070858001708984,133,aeroplane,aeroplane,,,"[[332, 126, 1884, 946], [1200, 194, 1901, 898]]",2
1323.png,0.00654911994934082,152,,,,,[],0
1324.png,0.006540775299072266,152,,,,,[],0
1325.png,0.00675654411315918,148,,,,,[],0
1326.png,0.006582975387573242,151,,,,,[],0
1327.png,0.006527900695800781,153,,,,,[],0
1328.png,0.00680232048034668,147,,,,,[],0
1329.png,0.0065305233001708984,153,,,,,[],0
1330.png,0.0077898502349853516,128,aeroplane,,,,"[[995, 325, 1853, 901]]",1
1331.png,0.0064432621002197266,155,,,,,[],0
1332.png,0.0064563751220703125,154,,,,,[],0
1333.png,0.007165193557739258,139,person,,,,"[[1104, 912, 1204, 1049]]",1
1334.png,0.007714033126831055,129,aeroplane,person,,,"[[1165, 315, 1919, 928], [1098, 906, 1216, 1045]]",2
1335.png,0.007335662841796875,136,aeroplane,person,,,"[[1139, 317, 1919, 925], [1107, 889, 1218, 1028]]",2
1336.png,0.006670951843261719,149,,,,,[],0
1337.png,0.006556510925292969,152,,,,,[],0
1338.png,0.006507158279418945,153,,,,,[],0
1339.png,0.007170677185058594,139,person,,,,"[[1009, 877, 1143, 1052]]",1
1340.png,0.006499290466308594,153,,,,,[],0
1341.png,0.00716090202331543,139,person,,,,"[[941, 865, 1084, 1033]]",1
1342.png,0.006508827209472656,153,,,,,[],0
1343.png,0.006609201431274414,151,,,,,[],0
1344.png,0.006724834442138672,148,,,,,[],0
1345.png,0.007209300994873047,138,aeroplane,,,,"[[1179, 365, 1903, 894]]",1
1346.png,0.007315158843994141,136,aeroplane,,,,"[[321, 74, 725, 503]]",1
1347.png,0.007820606231689453,127,aeroplane,aeroplane,,,"[[284, 73, 716, 503], [1165, 372, 1910, 887]]",2
1348.png,0.0075457096099853516,132,aeroplane,aeroplane,,,"[[1156, 389, 1910, 883], [299, 84, 707, 496]]",2
1349.png,0.007216453552246094,138,aeroplane,,,,"[[1173, 402, 1919, 1001]]",1
1350.png,0.006470680236816406,154,,,,,[],0
1351.png,0.00649714469909668,153,,,,,[],0
1352.png,0.006584644317626953,151,,,,,[],0
1353.png,0.0064775943756103516,154,,,,,[],0
1354.png,0.006470918655395508,154,,,,,[],0
1355.png,0.006488323211669922,154,,,,,[],0
1356.png,0.007613420486450195,131,person,,,,"[[1336, 784, 1408, 946]]",1
1357.png,0.007555246353149414,132,person,,,,"[[1336, 784, 1408, 946]]",1
1358.png,0.006751060485839844,148,,,,,[],0
1359.png,0.007122039794921875,140,person,,,,"[[837, 988, 958, 1077]]",1
1360.png,0.007212162017822266,138,person,,,,"[[845, 961, 954, 1070]]",1
1361.png,0.006626605987548828,150,,,,,[],0
1362.png,0.006543159484863281,152,,,,,[],0
1363.png,0.006734132766723633,148,,,,,[],0
1364.png,0.00722813606262207,138,person,,,,"[[1324, 780, 1407, 979]]",1
1365.png,0.0077724456787109375,128,person,person,,,"[[785, 911, 932, 1049], [1316, 772, 1392, 987]]",2
1366.png,0.007196903228759766,138,person,,,,"[[788, 908, 925, 1051]]",1
1367.png,0.0071527957916259766,139,person,,,,"[[783, 913, 929, 1047]]",1
1368.png,0.006865501403808594,145,person,,,,"[[1309, 797, 1395, 970]]",1
1369.png,0.007251739501953125,137,person,,,,"[[1227, 808, 1365, 970]]",1
1370.png,0.006487846374511719,154,,,,,[],0
1371.png,0.007236003875732422,138,person,,,,"[[1257, 834, 1367, 959]]",1
1372.png,0.007195234298706055,138,person,,,,"[[796, 904, 912, 1046]]",1
1373.png,0.0068891048431396484,145,,,,,[],0
1374.png,0.0065212249755859375,153,,,,,[],0
1375.png,0.0065021514892578125,153,,,,,[],0
1376.png,0.007246732711791992,137,person,,,,"[[868, 874, 956, 1029]]",1
1377.png,0.006758689880371094,147,person,,,,"[[871, 874, 972, 1023]]",1
1378.png,0.007506132125854492,133,person,,,,"[[886, 868, 1005, 1031]]",1
1379.png,0.007279396057128906,137,person,,,,"[[892, 870, 1010, 1036]]",1
1380.png,0.007223606109619141,138,person,,,,"[[910, 869, 1020, 1029]]",1
1381.png,0.006824016571044922,146,person,,,,"[[910, 869, 1020, 1029]]",1
1382.png,0.007275104522705078,137,person,,,,"[[933, 870, 1041, 1017]]",1
1383.png,0.007355451583862305,135,person,,,,"[[962, 865, 1069, 1013]]",1
1384.png,0.007892370223999023,126,person,person,,,"[[954, 859, 1072, 1012], [1315, 853, 1418, 998]]",2
1385.png,0.007463932037353516,133,person,person,,,"[[1014, 856, 1103, 997], [1322, 867, 1407, 996]]",2
1386.png,0.007719755172729492,129,person,person,,,"[[1016, 855, 1110, 995], [1326, 861, 1432, 1002]]",2
1387.png,0.007569551467895508,132,person,person,,,"[[1326, 867, 1422, 990], [1015, 861, 1113, 989]]",2
1388.png,0.007560253143310547,132,person,person,,,"[[1320, 866, 1420, 986], [1015, 864, 1112, 984]]",2
1389.png,0.00773167610168457,129,person,person,,,"[[1319, 859, 1422, 994], [1007, 860, 1117, 983]]",2
1390.png,0.0070514678955078125,141,person,,,,"[[1314, 850, 1414, 1002]]",1
1391.png,0.0071833133697509766,139,person,,,,"[[1304, 853, 1396, 996]]",1
1392.png,0.007467746734619141,133,person,person,,,"[[1290, 857, 1404, 994], [1059, 861, 1153, 986]]",2
1393.png,0.007230520248413086,138,person,,,,"[[1298, 857, 1395, 995]]",1
1394.png,0.007462263107299805,134,person,person,,,"[[1299, 860, 1399, 1001], [1088, 861, 1179, 987]]",2
1395.png,0.007555723190307617,132,person,person,,,"[[1303, 861, 1397, 1003], [1109, 867, 1187, 982]]",2
1396.png,0.007529497146606445,132,person,person,,,"[[1290, 856, 1403, 999], [1110, 862, 1198, 988]]",2
1397.png,0.007757902145385742,128,person,person,,,"[[1297, 858, 1393, 1009], [1114, 865, 1196, 996]]",2
1398.png,0.006552696228027344,152,,,,,[],0
1399.png,0.006482839584350586,154,,,,,[],0
1400.png,0.006506919860839844,153,,,,,[],0
1401.png,0.006346940994262695,157,,,,,[],0
1402.png,0.006581783294677734,151,,,,,[],0
1403.png,0.007401227951049805,135,person,,,,"[[1246, 848, 1362, 1013]]",1
1404.png,0.007403850555419922,135,person,,,,"[[1250, 851, 1350, 1014]]",1
1405.png,0.0072290897369384766,138,person,,,,"[[1250, 851, 1350, 1014]]",1
1406.png,0.006293058395385742,158,,,,,[],0
1407.png,0.00750732421875,133,person,,,,"[[1255, 861, 1366, 1020]]",1
1408.png,0.007281064987182617,137,person,,,,"[[1252, 857, 1372, 1019]]",1
1409.png,0.007437944412231445,134,person,,,,"[[1250, 854, 1370, 1024]]",1
1410.png,0.0069544315338134766,143,,,,,[],0
1411.png,0.007254838943481445,137,person,,,,"[[1254, 864, 1366, 1038]]",1
1412.png,0.007212162017822266,138,person,,,,"[[1257, 865, 1370, 1032]]",1
1413.png,0.007990121841430664,125,person,person,,,"[[1246, 866, 1362, 1034], [862, 918, 1028, 1043]]",2
1414.png,0.008069276809692383,123,person,person,,,"[[1249, 866, 1369, 1039], [878, 918, 1035, 1044]]",2
1415.png,0.007303714752197266,136,person,,,,"[[1240, 862, 1371, 1048]]",1
1416.png,0.007529258728027344,132,person,person,,,"[[1236, 876, 1365, 1052], [889, 910, 1064, 1031]]",2
1417.png,0.007334232330322266,136,person,,,,"[[1233, 884, 1368, 1055]]",1
1418.png,0.007580280303955078,131,person,person,,,"[[1235, 889, 1364, 1046], [917, 908, 1053, 1044]]",2
1419.png,0.00776219367980957,128,person,person,,,"[[1235, 883, 1361, 1048], [927, 912, 1055, 1042]]",2
1420.png,0.007578372955322266,131,person,person,,,"[[928, 919, 1079, 1050], [1223, 889, 1344, 1043]]",2
1421.png,0.0075299739837646484,132,person,person,,,"[[937, 922, 1073, 1051], [1234, 893, 1351, 1041]]",2
1422.png,0.007533073425292969,132,person,person,,,"[[941, 927, 1077, 1048], [1228, 892, 1335, 1045]]",2
1423.png,0.007764339447021484,128,person,person,,,"[[935, 922, 1082, 1049], [1225, 896, 1331, 1044]]",2
1424.png,0.0065097808837890625,153,,,,,[],0
1425.png,0.006769895553588867,147,,,,,[],0
1426.png,0.0066144466400146484,151,,,,,[],0
1427.png,0.014953136444091797,66,,,,,[],0
1428.png,0.006799936294555664,147,,,,,[],0
1429.png,0.0065119266510009766,153,,,,,[],0
1430.png,0.006590366363525391,151,,,,,[],0
1431.png,0.0065212249755859375,153,,,,,[],0
1432.png,0.0064868927001953125,154,,,,,[],0
1433.png,0.006714582443237305,148,,,,,[],0
1434.png,0.022014856338500977,45,,,,,[],0
1435.png,0.01621556282043457,61,,,,,[],0
1436.png,0.02198052406311035,45,,,,,[],0
