,cost time,FPS,1,2,3,coordinate,len
1.png,0.021143674850463867,47,,,,[],0
2.png,0.006479501724243164,154,,,,[],0
3.png,0.0064640045166015625,154,,,,[],0
4.png,0.007003307342529297,142,,,,[],0
5.png,0.007004261016845703,142,,,,[],0
6.png,0.0064661502838134766,154,,,,[],0
7.png,0.006765842437744141,147,,,,[],0
8.png,0.006714582443237305,148,,,,[],0
9.png,0.006483793258666992,154,,,,[],0
10.png,0.0064661502838134766,154,,,,[],0
11.png,0.007512331008911133,133,person,,,"[[1097, 894, 1220, 1058]]",1
12.png,0.007437229156494141,134,person,,,"[[1146, 886, 1263, 1061]]",1
13.png,0.007124185562133789,140,person,,,"[[1149, 886, 1278, 1063]]",1
14.png,0.007128238677978516,140,person,,,"[[1149, 886, 1278, 1063]]",1
15.png,0.006964445114135742,143,,,,[],0
16.png,0.0065190792083740234,153,,,,[],0
17.png,0.006757020950317383,147,,,,[],0
18.png,0.006501197814941406,153,,,,[],0
19.png,0.00652003288269043,153,,,,[],0
20.png,0.006807804107666016,146,,,,[],0
21.png,0.006522417068481445,153,,,,[],0
22.png,0.006453514099121094,154,,,,[],0
23.png,0.006510496139526367,153,,,,[],0
24.png,0.006288051605224609,159,,,,[],0
25.png,0.006333827972412109,157,,,,[],0
26.png,0.006478786468505859,154,,,,[],0
27.png,0.006335258483886719,157,,,,[],0
28.png,0.00650477409362793,153,,,,[],0
29.png,0.0073816776275634766,135,person,,,"[[905, 461, 1042, 662]]",1
30.png,0.0063343048095703125,157,,,,[],0
31.png,0.0065228939056396484,153,,,,[],0
32.png,0.0065059661865234375,153,,,,[],0
33.png,0.006439208984375,155,,,,[],0
34.png,0.006271839141845703,159,,,,[],0
35.png,0.006426095962524414,155,,,,[],0
36.png,0.006464242935180664,154,,,,[],0
37.png,0.006497621536254883,153,,,,[],0
38.png,0.006780385971069336,147,,,,[],0
39.png,0.006513118743896484,153,,,,[],0
40.png,0.0064585208892822266,154,,,,[],0
41.png,0.006510019302368164,153,,,,[],0
42.png,0.006517887115478516,153,,,,[],0
43.png,0.006478071212768555,154,,,,[],0
44.png,0.006511211395263672,153,,,,[],0
45.png,0.006781816482543945,147,,,,[],0
46.png,0.006534099578857422,153,,,,[],0
47.png,0.00654149055480957,152,,,,[],0
48.png,0.006514549255371094,153,,,,[],0
49.png,0.0066606998443603516,150,,,,[],0
50.png,0.006757020950317383,147,,,,[],0
51.png,0.0064771175384521484,154,,,,[],0
52.png,0.006482124328613281,154,,,,[],0
53.png,0.006471157073974609,154,,,,[],0
54.png,0.006512641906738281,153,,,,[],0
55.png,0.006475687026977539,154,,,,[],0
56.png,0.006466865539550781,154,,,,[],0
57.png,0.00649571418762207,153,,,,[],0
58.png,0.006457090377807617,154,,,,[],0
59.png,0.006481170654296875,154,,,,[],0
60.png,0.006581306457519531,151,,,,[],0
61.png,0.006548166275024414,152,,,,[],0
62.png,0.0064945220947265625,153,,,,[],0
63.png,0.006474971771240234,154,,,,[],0
64.png,0.006497859954833984,153,,,,[],0
65.png,0.0066204071044921875,151,,,,[],0
66.png,0.006999969482421875,142,,,,[],0
67.png,0.006402492523193359,156,,,,[],0
68.png,0.0069904327392578125,143,,,,[],0
69.png,0.0065212249755859375,153,,,,[],0
70.png,0.006552219390869141,152,,,,[],0
71.png,0.006541252136230469,152,,,,[],0
72.png,0.006527900695800781,153,,,,[],0
73.png,0.006443977355957031,155,,,,[],0
74.png,0.006336212158203125,157,,,,[],0
75.png,0.0066378116607666016,150,,,,[],0
76.png,0.006754875183105469,148,,,,[],0
77.png,0.006914377212524414,144,,,,[],0
78.png,0.006509065628051758,153,,,,[],0
79.png,0.006424903869628906,155,,,,[],0
80.png,0.006333112716674805,157,,,,[],0
81.png,0.006452322006225586,154,,,,[],0
82.png,0.006837129592895508,146,,,,[],0
83.png,0.0069065093994140625,144,,,,[],0
84.png,0.006479501724243164,154,,,,[],0
85.png,0.006535768508911133,153,,,,[],0
86.png,0.006861209869384766,145,,,,[],0
87.png,0.006771087646484375,147,,,,[],0
88.png,0.006890535354614258,145,,,,[],0
89.png,0.006346464157104492,157,,,,[],0
90.png,0.006650209426879883,150,,,,[],0
91.png,0.006656169891357422,150,,,,[],0
92.png,0.006946563720703125,143,,,,[],0
93.png,0.006493091583251953,154,,,,[],0
94.png,0.006695747375488281,149,,,,[],0
95.png,0.006479024887084961,154,,,,[],0
96.png,0.006450653076171875,155,,,,[],0
97.png,0.0065233707427978516,153,,,,[],0
98.png,0.007642030715942383,130,person,,,"[[930, 458, 1063, 651]]",1
99.png,0.0071604251861572266,139,person,,,"[[918, 462, 1066, 645]]",1
100.png,0.00720524787902832,138,person,,,"[[918, 463, 1067, 646]]",1
101.png,0.007371664047241211,135,person,,,"[[906, 467, 1059, 641]]",1
102.png,0.007311344146728516,136,person,,,"[[904, 471, 1057, 646]]",1
103.png,0.007156848907470703,139,person,,,"[[910, 471, 1043, 663]]",1
104.png,0.007239818572998047,138,person,,,"[[906, 476, 1038, 656]]",1
105.png,0.007188081741333008,139,person,,,"[[892, 481, 1033, 647]]",1
106.png,0.007169008255004883,139,person,,,"[[891, 476, 1025, 649]]",1
107.png,0.007470130920410156,133,person,,,"[[888, 477, 1024, 653]]",1
108.png,0.007189750671386719,139,person,,,"[[899, 479, 1025, 652]]",1
109.png,0.007115602493286133,140,person,,,"[[889, 476, 1024, 653]]",1
110.png,0.007171154022216797,139,person,,,"[[888, 478, 1018, 654]]",1
111.png,0.006776094436645508,147,person,,,"[[888, 478, 1018, 654]]",1
112.png,0.006541013717651367,152,,,,[],0
113.png,0.00611567497253418,163,,,,[],0
114.png,0.007164478302001953,139,person,,,"[[874, 473, 1032, 653]]",1
115.png,0.007242679595947266,138,person,,,"[[881, 469, 1033, 652]]",1
116.png,0.006434917449951172,155,,,,[],0
117.png,0.006129741668701172,163,,,,[],0
118.png,0.006842136383056641,146,,,,[],0
119.png,0.006769657135009766,147,,,,[],0
120.png,0.006470203399658203,154,,,,[],0
121.png,0.0063323974609375,157,,,,[],0
122.png,0.006191253662109375,161,,,,[],0
123.png,0.006545305252075195,152,,,,[],0
124.png,0.006714582443237305,148,,,,[],0
125.png,0.0065174102783203125,153,,,,[],0
126.png,0.006483554840087891,154,,,,[],0
127.png,0.007233858108520508,138,sheep,,,"[[1284, 537, 1440, 654]]",1
128.png,0.007192134857177734,139,sheep,,,"[[1284, 536, 1440, 655]]",1
129.png,0.0069692134857177734,143,,,,[],0
130.png,0.0071887969970703125,139,sheep,,,"[[1518, 388, 1689, 514]]",1
131.png,0.007616519927978516,131,sheep,,,"[[1613, 567, 1858, 1008]]",1
132.png,0.006528377532958984,153,,,,[],0
133.png,0.006251811981201172,159,,,,[],0
134.png,0.006502628326416016,153,,,,[],0
135.png,0.006376743316650391,156,,,,[],0
136.png,0.006631135940551758,150,,,,[],0
137.png,0.006783008575439453,147,sheep,,,"[[1425, 390, 1602, 525]]",1
138.png,0.007180213928222656,139,sheep,,,"[[1424, 390, 1602, 525]]",1
139.png,0.006485462188720703,154,,,,[],0
140.png,0.007207155227661133,138,sheep,,,"[[1410, 383, 1581, 524]]",1
141.png,0.006941795349121094,144,,,,[],0
142.png,0.0065517425537109375,152,,,,[],0
143.png,0.00719904899597168,138,sheep,,,"[[1365, 385, 1542, 535]]",1
144.png,0.0064809322357177734,154,,,,[],0
145.png,0.00649714469909668,153,,,,[],0
146.png,0.006505727767944336,153,,,,[],0
147.png,0.006547451019287109,152,,,,[],0
148.png,0.006955623626708984,143,,,,[],0
149.png,0.006554841995239258,152,,,,[],0
150.png,0.0064923763275146484,154,,,,[],0
151.png,0.006502628326416016,153,,,,[],0
152.png,0.006609916687011719,151,,,,[],0
153.png,0.006231784820556641,160,,,,[],0
154.png,0.0064547061920166016,154,,,,[],0
155.png,0.006501674652099609,153,,,,[],0
156.png,0.0065844058990478516,151,,,,[],0
157.png,0.006127357482910156,163,,,,[],0
158.png,0.006510019302368164,153,,,,[],0
159.png,0.006493091583251953,154,,,,[],0
160.png,0.006303310394287109,158,,,,[],0
161.png,0.006882190704345703,145,,,,[],0
162.png,0.006481170654296875,154,,,,[],0
163.png,0.006474971771240234,154,,,,[],0
164.png,0.006538867950439453,152,,,,[],0
165.png,0.00644230842590332,155,,,,[],0
166.png,0.007226705551147461,138,sheep,,,"[[1413, 597, 1571, 782]]",1
167.png,0.00683903694152832,146,,,,[],0
168.png,0.007241964340209961,138,sheep,,,"[[1146, 603, 1335, 812]]",1
169.png,0.006925106048583984,144,sheep,,,"[[1344, 580, 1531, 796]]",1
170.png,0.0065310001373291016,153,,,,[],0
171.png,0.006632804870605469,150,,,,[],0
172.png,0.006542682647705078,152,,,,[],0
173.png,0.006784915924072266,147,,,,[],0
174.png,0.006508350372314453,153,,,,[],0
175.png,0.006460905075073242,154,,,,[],0
176.png,0.006500244140625,153,,,,[],0
177.png,0.00653386116027832,153,,,,[],0
178.png,0.0064966678619384766,153,,,,[],0
179.png,0.006464958190917969,154,,,,[],0
180.png,0.006478071212768555,154,,,,[],0
181.png,0.0066645145416259766,150,,,,[],0
182.png,0.007223606109619141,138,bird,,,"[[1283, 602, 1449, 767]]",1
183.png,0.006501674652099609,153,,,,[],0
184.png,0.0064849853515625,154,,,,[],0
185.png,0.00646662712097168,154,,,,[],0
186.png,0.00643157958984375,155,,,,[],0
187.png,0.006501674652099609,153,,,,[],0
188.png,0.007167816162109375,139,sheep,,,"[[1025, 345, 1206, 578]]",1
189.png,0.007210969924926758,138,sheep,,,"[[1007, 360, 1181, 566]]",1
190.png,0.006527900695800781,153,,,,[],0
191.png,0.007394313812255859,135,sheep,,,"[[993, 373, 1173, 560]]",1
192.png,0.007150411605834961,139,sheep,,,"[[617, 405, 1056, 669]]",1
193.png,0.00741887092590332,134,sheep,,,"[[635, 405, 1033, 655]]",1
194.png,0.007651329040527344,130,sheep,sheep,,"[[621, 403, 1004, 650], [967, 360, 1139, 569]]",2
195.png,0.007158041000366211,139,bird,,,"[[1137, 581, 1308, 775]]",1
196.png,0.007580995559692383,131,dog,,,"[[1121, 583, 1289, 735]]",1
197.png,0.006536006927490234,152,,,,[],0
198.png,0.0074214935302734375,134,dog,,,"[[1044, 569, 1246, 744]]",1
199.png,0.007533550262451172,132,dog,,,"[[1044, 570, 1246, 744]]",1
200.png,0.006544351577758789,152,,,,[],0
201.png,0.006517648696899414,153,,,,[],0
202.png,0.007567167282104492,132,sheep,,,"[[411, 380, 717, 640]]",1
203.png,0.0064585208892822266,154,,,,[],0
204.png,0.0063402652740478516,157,,,,[],0
205.png,0.006491422653198242,154,,,,[],0
206.png,0.006518363952636719,153,,,,[],0
207.png,0.006491184234619141,154,,,,[],0
208.png,0.00675201416015625,148,,,,[],0
209.png,0.00636744499206543,157,,,,[],0
210.png,0.006527900695800781,153,,,,[],0
211.png,0.006794929504394531,147,,,,[],0
212.png,0.006487369537353516,154,,,,[],0
213.png,0.006597280502319336,151,,,,[],0
214.png,0.006487607955932617,154,,,,[],0
215.png,0.00651860237121582,153,,,,[],0
216.png,0.006600618362426758,151,,,,[],0
217.png,0.006606101989746094,151,,,,[],0
218.png,0.0065364837646484375,152,,,,[],0
219.png,0.006593942642211914,151,,,,[],0
220.png,0.006529331207275391,153,,,,[],0
221.png,0.006554603576660156,152,,,,[],0
222.png,0.007639169692993164,130,sheep,sheep,,"[[617, 370, 769, 521], [716, 359, 865, 506]]",2
223.png,0.007309913635253906,136,bird,sheep,,"[[924, 493, 1104, 743], [614, 372, 768, 519]]",2
224.png,0.007210493087768555,138,sheep,,,"[[612, 372, 776, 520]]",1
225.png,0.006463527679443359,154,,,,[],0
226.png,0.007448673248291016,134,bird,,,"[[913, 514, 1097, 746]]",1
227.png,0.007133960723876953,140,bird,,,"[[907, 504, 1092, 742]]",1
228.png,0.00727391242980957,137,sheep,,,"[[580, 380, 757, 527]]",1
229.png,0.00716710090637207,139,sheep,,,"[[582, 379, 746, 528]]",1
230.png,0.007516384124755859,133,sheep,sheep,,"[[577, 376, 750, 528], [707, 385, 845, 499]]",2
231.png,0.0068666934967041016,145,,,,[],0
232.png,0.006499290466308594,153,,,,[],0
233.png,0.006491899490356445,154,,,,[],0
234.png,0.006737470626831055,148,,,,[],0
235.png,0.006629467010498047,150,,,,[],0
236.png,0.006937742233276367,144,,,,[],0
237.png,0.006425380706787109,155,,,,[],0
238.png,0.006645679473876953,150,,,,[],0
239.png,0.007199287414550781,138,person,,,"[[841, 502, 1019, 741]]",1
240.png,0.0072367191314697266,138,person,,,"[[848, 496, 1023, 744]]",1
241.png,0.007238626480102539,138,person,,,"[[844, 494, 1016, 738]]",1
242.png,0.0072782039642333984,137,person,,,"[[844, 499, 1019, 743]]",1
243.png,0.006525278091430664,153,,,,[],0
244.png,0.006510496139526367,153,,,,[],0
245.png,0.006571292877197266,152,,,,[],0
246.png,0.006564140319824219,152,,,,[],0
247.png,0.006513357162475586,153,,,,[],0
248.png,0.006449699401855469,155,,,,[],0
249.png,0.007178306579589844,139,person,,,"[[838, 496, 1012, 738]]",1
250.png,0.007116079330444336,140,person,,,"[[837, 496, 1012, 738]]",1
251.png,0.007494211196899414,133,person,,,"[[846, 490, 1013, 732]]",1
252.png,0.0064928531646728516,154,,,,[],0
253.png,0.006449222564697266,155,,,,[],0
254.png,0.00652766227722168,153,,,,[],0
255.png,0.006476163864135742,154,,,,[],0
256.png,0.00645756721496582,154,,,,[],0
257.png,0.0065152645111083984,153,,,,[],0
258.png,0.006483554840087891,154,,,,[],0
259.png,0.006647348403930664,150,,,,[],0
260.png,0.0072057247161865234,138,person,,,"[[885, 480, 1023, 660]]",1
261.png,0.006579875946044922,151,,,,[],0
262.png,0.0065157413482666016,153,,,,[],0
263.png,0.006653547286987305,150,bird,,,"[[762, 594, 931, 766]]",1
264.png,0.00692439079284668,144,,,,[],0
265.png,0.0064983367919921875,153,,,,[],0
266.png,0.006921291351318359,144,,,,[],0
267.png,0.006518125534057617,153,,,,[],0
268.png,0.006466388702392578,154,,,,[],0
269.png,0.006812095642089844,146,,,,[],0
270.png,0.0069506168365478516,143,,,,[],0
271.png,0.0064907073974609375,154,,,,[],0
272.png,0.006456136703491211,154,,,,[],0
273.png,0.006543636322021484,152,,,,[],0
274.png,0.0062808990478515625,159,,,,[],0
275.png,0.006604671478271484,151,,,,[],0
276.png,0.006368875503540039,157,,,,[],0
277.png,0.006756782531738281,147,,,,[],0
278.png,0.007243633270263672,138,sheep,,,"[[427, 441, 589, 590]]",1
279.png,0.006551027297973633,152,,,,[],0
280.png,0.007211923599243164,138,sheep,,,"[[425, 445, 580, 594]]",1
281.png,0.0072193145751953125,138,sheep,,,"[[422, 446, 580, 598]]",1
282.png,0.007012605667114258,142,sheep,,,"[[422, 446, 580, 598]]",1
283.png,0.007534027099609375,132,sheep,,,"[[420, 445, 576, 603]]",1
284.png,0.006717205047607422,148,sheep,,,"[[417, 444, 570, 610]]",1
285.png,0.0074367523193359375,134,sheep,,,"[[410, 446, 570, 610]]",1
286.png,0.0068206787109375,146,sheep,sheep,,"[[408, 451, 570, 613], [110, 475, 284, 627]]",2
287.png,0.0074825286865234375,133,sheep,sheep,,"[[694, 617, 907, 833], [409, 460, 565, 616]]",2
288.png,0.00706934928894043,141,sheep,sheep,,"[[694, 616, 907, 833], [410, 460, 565, 616]]",2
289.png,0.007512807846069336,133,sheep,sheep,,"[[692, 616, 905, 836], [411, 463, 566, 617]]",2
290.png,0.00756525993347168,132,sheep,sheep,,"[[690, 617, 904, 835], [412, 467, 571, 618]]",2
291.png,0.007523536682128906,132,sheep,sheep,,"[[692, 619, 907, 842], [412, 474, 576, 620]]",2
292.png,0.007527351379394531,132,sheep,sheep,,"[[700, 618, 904, 838], [417, 477, 577, 621]]",2
293.png,0.007218360900878906,138,sheep,,,"[[420, 477, 578, 622]]",1
294.png,0.015917539596557617,62,sheep,,,"[[422, 477, 580, 626]]",1
295.png,0.00718379020690918,139,sheep,,,"[[420, 475, 583, 628]]",1
296.png,0.007216930389404297,138,sheep,,,"[[410, 474, 585, 629]]",1
297.png,0.007187843322753906,139,sheep,,,"[[424, 491, 594, 640]]",1
298.png,0.007632017135620117,131,sheep,sheep,,"[[730, 630, 910, 850], [433, 494, 606, 643]]",2
299.png,0.007171154022216797,139,sheep,,,"[[439, 497, 600, 642]]",1
300.png,0.006491661071777344,154,,,,[],0
301.png,0.007254123687744141,137,sheep,,,"[[770, 672, 958, 886]]",1
302.png,0.006950855255126953,143,,,,[],0
303.png,0.006473541259765625,154,,,,[],0
304.png,0.007113218307495117,140,sheep,,,"[[775, 691, 962, 893]]",1
305.png,0.007178306579589844,139,person,,,"[[905, 480, 1007, 657]]",1
306.png,0.007851839065551758,127,person,sheep,sheep,"[[901, 483, 1011, 657], [771, 711, 969, 905], [491, 540, 638, 695]]",3
307.png,0.008082151412963867,123,person,sheep,sheep,"[[901, 483, 1011, 657], [771, 711, 969, 905], [491, 540, 638, 695]]",3
308.png,0.007433414459228516,134,dog,sheep,,"[[1329, 417, 1460, 633], [768, 713, 966, 903]]",2
309.png,0.007114887237548828,140,dog,,,"[[1323, 424, 1472, 635]]",1
310.png,0.007498502731323242,133,dog,sheep,,"[[1338, 428, 1482, 644], [832, 739, 987, 903]]",2
311.png,0.007619380950927734,131,dog,sheep,sheep,"[[1342, 436, 1495, 648], [836, 732, 993, 908], [535, 565, 685, 707]]",3
312.png,0.007200717926025391,138,sheep,,,"[[525, 559, 701, 715]]",1
313.png,0.006627082824707031,150,,,,[],0
314.png,0.006676912307739258,149,,,,[],0
315.png,0.0062563419342041016,159,,,,[],0
316.png,0.0059506893157958984,168,,,,[],0
317.png,0.006449699401855469,155,,,,[],0
318.png,0.006494045257568359,153,,,,[],0
319.png,0.007150888442993164,139,sheep,,,"[[855, 748, 1031, 951]]",1
320.png,0.0077435970306396484,129,sheep,sheep,,"[[873, 747, 1047, 953], [553, 572, 744, 729]]",2
321.png,0.007493257522583008,133,sheep,sheep,,"[[896, 750, 1067, 944], [566, 573, 754, 728]]",2
322.png,0.007933616638183594,126,sheep,sheep,,"[[911, 749, 1079, 952], [580, 579, 762, 723]]",2
323.png,0.007273197174072266,137,person,sheep,,"[[891, 470, 1032, 659], [924, 754, 1107, 961]]",2
324.png,0.007336139678955078,136,person,sheep,,"[[891, 471, 1031, 658], [923, 753, 1108, 962]]",2
325.png,0.007333278656005859,136,person,sheep,,"[[886, 474, 1027, 659], [919, 753, 1115, 972]]",2
326.png,0.0076978206634521484,129,person,sheep,sheep,"[[885, 472, 1021, 660], [922, 761, 1118, 970], [601, 581, 798, 715]]",3
327.png,0.0076253414154052734,131,person,,,"[[868, 461, 1014, 680]]",1
328.png,0.007304191589355469,136,person,sheep,,"[[863, 461, 1019, 668], [692, 612, 839, 743]]",2
329.png,0.007382869720458984,135,person,sheep,,"[[870, 468, 1021, 660], [1068, 764, 1244, 974]]",2
330.png,0.007112264633178711,140,person,,,"[[878, 471, 1028, 659]]",1
331.png,0.0071773529052734375,139,person,,,"[[878, 471, 1028, 659]]",1
332.png,0.007306098937988281,136,person,,,"[[864, 468, 1023, 661]]",1
333.png,0.0065004825592041016,153,,,,[],0
334.png,0.006751537322998047,148,,,,[],0
335.png,0.007689476013183594,130,bird,,,"[[546, 585, 751, 825]]",1
336.png,0.0064814090728759766,154,,,,[],0
337.png,0.00757288932800293,132,dog,person,,"[[564, 587, 781, 832], [891, 477, 1057, 738]]",2
338.png,0.0073757171630859375,135,dog,person,,"[[555, 594, 793, 831], [897, 474, 1064, 745]]",2
339.png,0.0068895816802978516,145,person,,,"[[897, 477, 1056, 742]]",1
340.png,0.006501674652099609,153,,,,[],0
341.png,0.006480693817138672,154,,,,[],0
342.png,0.007245063781738281,138,person,,,"[[898, 472, 1050, 660]]",1
343.png,0.007238149642944336,138,person,,,"[[894, 473, 1046, 658]]",1
344.png,0.007168769836425781,139,person,,,"[[896, 477, 1057, 651]]",1
345.png,0.006623268127441406,150,,,,[],0
346.png,0.006738424301147461,148,,,,[],0
347.png,0.007097482681274414,140,person,,,"[[912, 495, 1034, 632]]",1
348.png,0.007258892059326172,137,person,,,"[[907, 485, 1032, 633]]",1
349.png,0.006827831268310547,146,,,,[],0
350.png,0.0065195560455322266,153,,,,[],0
351.png,0.0066852569580078125,149,,,,[],0
352.png,0.006455898284912109,154,,,,[],0
353.png,0.006456851959228516,154,,,,[],0
354.png,0.006464719772338867,154,,,,[],0
355.png,0.006495952606201172,153,,,,[],0
356.png,0.006504058837890625,153,,,,[],0
357.png,0.006854057312011719,145,,,,[],0
358.png,0.00656437873840332,152,,,,[],0
359.png,0.006547212600708008,152,,,,[],0
360.png,0.006921529769897461,144,,,,[],0
361.png,0.007220745086669922,138,dog,,,"[[1409, 700, 1611, 917]]",1
362.png,0.007521390914916992,132,sheep,,,"[[1121, 533, 1288, 675]]",1
363.png,0.007172346115112305,139,sheep,,,"[[1124, 527, 1285, 667]]",1
364.png,0.0072479248046875,137,sheep,,,"[[1140, 528, 1286, 665]]",1
365.png,0.0076220035552978516,131,sheep,,,"[[1144, 529, 1287, 661]]",1
366.png,0.0073282718658447266,136,sheep,,,"[[1141, 527, 1300, 657]]",1
367.png,0.007571697235107422,132,sheep,,,"[[1139, 529, 1298, 654]]",1
368.png,0.00658416748046875,151,,,,[],0
369.png,0.007372617721557617,135,sheep,,,"[[1146, 485, 1324, 637]]",1
370.png,0.007131814956665039,140,sheep,,,"[[1170, 482, 1325, 632]]",1
371.png,0.007355451583862305,135,sheep,,,"[[1198, 477, 1345, 622]]",1
372.png,0.0071980953216552734,138,sheep,,,"[[1222, 461, 1394, 604]]",1
373.png,0.007203102111816406,138,dog,,,"[[855, 389, 1136, 690]]",1
374.png,0.0071659088134765625,139,sheep,,,"[[1266, 444, 1442, 601]]",1
375.png,0.007133007049560547,140,sheep,,,"[[1338, 437, 1488, 589]]",1
376.png,0.006579875946044922,151,,,,[],0
377.png,0.006921291351318359,144,,,,[],0
378.png,0.01366734504699707,73,,,,[],0
379.png,0.0067479610443115234,148,,,,[],0
380.png,0.006544589996337891,152,,,,[],0
381.png,0.006482362747192383,154,,,,[],0
382.png,0.006925821304321289,144,,,,[],0
383.png,0.006511688232421875,153,,,,[],0
384.png,0.0064847469329833984,154,,,,[],0
385.png,0.007425546646118164,134,sheep,,,"[[1583, 406, 1762, 553]]",1
386.png,0.007163286209106445,139,sheep,,,"[[1626, 399, 1800, 550]]",1
387.png,0.0072307586669921875,138,sheep,,,"[[1638, 398, 1825, 547]]",1
388.png,0.006505727767944336,153,,,,[],0
389.png,0.007132530212402344,140,person,,,"[[857, 480, 993, 659]]",1
390.png,0.006487607955932617,154,,,,[],0
391.png,0.006540536880493164,152,,,,[],0
392.png,0.007161140441894531,139,person,,,"[[866, 477, 1007, 645]]",1
393.png,0.007115364074707031,140,person,,,"[[876, 476, 1007, 651]]",1
394.png,0.007521867752075195,132,person,,,"[[883, 484, 1019, 650]]",1
395.png,0.007504701614379883,133,person,,,"[[877, 478, 1011, 652]]",1
396.png,0.006464958190917969,154,,,,[],0
397.png,0.006713151931762695,148,,,,[],0
398.png,0.006772756576538086,147,person,,,"[[886, 470, 1010, 778]]",1
399.png,0.006615877151489258,151,,,,[],0
400.png,0.00679779052734375,147,,,,[],0
401.png,0.006476163864135742,154,,,,[],0
402.png,0.006629228591918945,150,,,,[],0
403.png,0.006586313247680664,151,,,,[],0
404.png,0.0065975189208984375,151,,,,[],0
405.png,0.006609439849853516,151,,,,[],0
406.png,0.006656646728515625,150,,,,[],0
407.png,0.006701946258544922,149,,,,[],0
408.png,0.006327390670776367,158,,,,[],0
409.png,0.006509304046630859,153,,,,[],0
410.png,0.006575822830200195,152,,,,[],0
411.png,0.00649571418762207,153,,,,[],0
412.png,0.0064885616302490234,154,,,,[],0
413.png,0.0067250728607177734,148,,,,[],0
414.png,0.006482124328613281,154,,,,[],0
415.png,0.0064275264739990234,155,,,,[],0
416.png,0.006302833557128906,158,,,,[],0
417.png,0.00648188591003418,154,,,,[],0
418.png,0.006522417068481445,153,,,,[],0
419.png,0.006612300872802734,151,,,,[],0
420.png,0.006494045257568359,153,,,,[],0
421.png,0.006571769714355469,152,,,,[],0
422.png,0.007258892059326172,137,person,,,"[[894, 496, 1021, 642]]",1
423.png,0.007188558578491211,139,person,,,"[[897, 493, 1024, 642]]",1
424.png,0.007279872894287109,137,person,,,"[[899, 488, 1022, 647]]",1
425.png,0.0071904659271240234,139,person,,,"[[908, 491, 1027, 647]]",1
426.png,0.007187604904174805,139,person,,,"[[907, 485, 1027, 649]]",1
427.png,0.006479978561401367,154,,,,[],0
428.png,0.006478071212768555,154,,,,[],0
429.png,0.006515979766845703,153,,,,[],0
430.png,0.0065267086029052734,153,,,,[],0
431.png,0.00656437873840332,152,,,,[],0
432.png,0.006583690643310547,151,,,,[],0
433.png,0.006761074066162109,147,,,,[],0
434.png,0.006751537322998047,148,,,,[],0
435.png,0.006560087203979492,152,,,,[],0
436.png,0.006384611129760742,156,,,,[],0
437.png,0.006108522415161133,163,,,,[],0
438.png,0.006486415863037109,154,,,,[],0
439.png,0.006539583206176758,152,,,,[],0
440.png,0.006499767303466797,153,,,,[],0
441.png,0.006690025329589844,149,,,,[],0
442.png,0.0067996978759765625,147,,,,[],0
443.png,0.006365537643432617,157,,,,[],0
444.png,0.0064966678619384766,153,,,,[],0
445.png,0.006803989410400391,146,,,,[],0
446.png,0.006933927536010742,144,,,,[],0
447.png,0.006726980209350586,148,,,,[],0
448.png,0.0065958499908447266,151,,,,[],0
449.png,0.006547451019287109,152,,,,[],0
450.png,0.00658726692199707,151,,,,[],0
451.png,0.0065326690673828125,153,,,,[],0
452.png,0.0065288543701171875,153,,,,[],0
453.png,0.006508350372314453,153,,,,[],0
454.png,0.00649571418762207,153,,,,[],0
455.png,0.006544828414916992,152,,,,[],0
456.png,0.0064966678619384766,153,,,,[],0
457.png,0.0065381526947021484,152,,,,[],0
458.png,0.006513357162475586,153,,,,[],0
459.png,0.0065305233001708984,153,,,,[],0
460.png,0.006585597991943359,151,,,,[],0
461.png,0.006443500518798828,155,,,,[],0
462.png,0.006543159484863281,152,,,,[],0
463.png,0.016694068908691406,59,,,,[],0
464.png,0.006748199462890625,148,,,,[],0
465.png,0.00723719596862793,138,pottedplant,,,"[[0, 14, 1752, 1059]]",1
466.png,0.0074427127838134766,134,pottedplant,,,"[[17, 0, 1891, 1077]]",1
467.png,0.00647282600402832,154,,,,[],0
468.png,0.006838798522949219,146,,,,[],0
469.png,0.0064983367919921875,153,,,,[],0
470.png,0.0064771175384521484,154,,,,[],0
471.png,0.007050752639770508,141,,,,[],0
472.png,0.0068721771240234375,145,,,,[],0
473.png,0.0062978267669677734,158,,,,[],0
474.png,0.006516456604003906,153,,,,[],0
475.png,0.00652313232421875,153,,,,[],0
476.png,0.006555318832397461,152,,,,[],0
477.png,0.0064754486083984375,154,,,,[],0
478.png,0.006497859954833984,153,,,,[],0
479.png,0.0064623355865478516,154,,,,[],0
480.png,0.006469249725341797,154,,,,[],0
481.png,0.006453514099121094,154,,,,[],0
482.png,0.006478548049926758,154,,,,[],0
483.png,0.006542205810546875,152,,,,[],0
484.png,0.006427288055419922,155,,,,[],0
485.png,0.006487369537353516,154,,,,[],0
486.png,0.006480216979980469,154,,,,[],0
487.png,0.00668787956237793,149,,,,[],0
488.png,0.006781101226806641,147,,,,[],0
489.png,0.006865024566650391,145,,,,[],0
490.png,0.006534099578857422,153,,,,[],0
491.png,0.0065348148345947266,153,,,,[],0
492.png,0.006459712982177734,154,,,,[],0
493.png,0.006515979766845703,153,,,,[],0
494.png,0.006928920745849609,144,,,,[],0
495.png,0.007442951202392578,134,pottedplant,,,"[[0, 10, 1919, 1071]]",1
496.png,0.006285667419433594,159,,,,[],0
497.png,0.00647425651550293,154,,,,[],0
498.png,0.006768226623535156,147,,,,[],0
499.png,0.006473064422607422,154,,,,[],0
500.png,0.006486415863037109,154,,,,[],0
501.png,0.00767207145690918,130,pottedplant,,,"[[0, 0, 1919, 1079]]",1
502.png,0.0074460506439208984,134,pottedplant,,,"[[0, 0, 1919, 1079]]",1
503.png,0.007931947708129883,126,pottedplant,,,"[[0, 0, 1919, 1079]]",1
504.png,0.0075261592864990234,132,pottedplant,,,"[[0, 0, 1919, 1078]]",1
505.png,0.006432056427001953,155,,,,[],0
506.png,0.007483005523681641,133,pottedplant,,,"[[0, 0, 1919, 1079]]",1
507.png,0.006273031234741211,159,,,,[],0
508.png,0.007661342620849609,130,pottedplant,,,"[[0, 0, 1919, 1079]]",1
509.png,0.007483005523681641,133,pottedplant,,,"[[0, 0, 1919, 1079]]",1
510.png,0.00755000114440918,132,pottedplant,,,"[[0, 0, 1919, 1079]]",1
511.png,0.007615804672241211,131,pottedplant,,,"[[0, 0, 1919, 1079]]",1
512.png,0.007623910903930664,131,pottedplant,,,"[[0, 0, 1919, 1079]]",1
513.png,0.007495880126953125,133,pottedplant,,,"[[0, 0, 1919, 1079]]",1
514.png,0.007560014724731445,132,pottedplant,,,"[[0, 0, 1919, 1079]]",1
515.png,0.006866931915283203,145,pottedplant,,,"[[0, 0, 1919, 1079]]",1
516.png,0.007178068161010742,139,pottedplant,,,"[[0, 0, 1919, 1079]]",1
517.png,0.007234334945678711,138,pottedplant,,,"[[0, 8, 1919, 1075]]",1
518.png,0.007725715637207031,129,pottedplant,,,"[[0, 9, 1919, 1079]]",1
519.png,0.0074901580810546875,133,pottedplant,,,"[[0, 2, 1919, 1079]]",1
520.png,0.006985187530517578,143,pottedplant,,,"[[0, 0, 1919, 1079]]",1
521.png,0.007795810699462891,128,pottedplant,,,"[[0, 0, 1919, 1079]]",1
522.png,0.007183074951171875,139,pottedplant,,,"[[0, 2, 1919, 1079]]",1
523.png,0.006937265396118164,144,,,,[],0
524.png,0.00719761848449707,138,pottedplant,,,"[[0, 0, 1919, 1079]]",1
525.png,0.00761723518371582,131,pottedplant,,,"[[0, 0, 1919, 1079]]",1
526.png,0.007230520248413086,138,pottedplant,,,"[[0, 0, 1919, 1079]]",1
527.png,0.007505655288696289,133,pottedplant,,,"[[0, 0, 1919, 1079]]",1
528.png,0.00747227668762207,133,pottedplant,,,"[[0, 0, 1919, 1079]]",1
529.png,0.0073375701904296875,136,pottedplant,,,"[[0, 6, 1919, 1079]]",1
530.png,0.007467031478881836,133,pottedplant,,,"[[0, 23, 1919, 1079]]",1
531.png,0.0075147151947021484,133,pottedplant,,,"[[0, 19, 1919, 1079]]",1
532.png,0.007555246353149414,132,pottedplant,,,"[[0, 89, 1919, 1079]]",1
533.png,0.007466554641723633,133,pottedplant,,,"[[0, 80, 1919, 1079]]",1
534.png,0.007524967193603516,132,pottedplant,,,"[[0, 41, 1919, 1056]]",1
535.png,0.007480621337890625,133,pottedplant,,,"[[0, 0, 1919, 1079]]",1
536.png,0.007930994033813477,126,pottedplant,,,"[[0, 0, 1919, 1079]]",1
537.png,0.007574558258056641,132,pottedplant,,,"[[0, 96, 1919, 1079]]",1
538.png,0.007963180541992188,125,pottedplant,,,"[[0, 0, 1919, 1079]]",1
539.png,0.0075075626373291016,133,pottedplant,,,"[[0, 0, 1919, 1079]]",1
540.png,0.007615566253662109,131,pottedplant,,,"[[0, 0, 1919, 1079]]",1
541.png,0.007524728775024414,132,pottedplant,,,"[[0, 29, 1906, 1079]]",1
542.png,0.0075032711029052734,133,pottedplant,,,"[[0, 33, 1911, 1079]]",1
543.png,0.007172584533691406,139,pottedplant,,,"[[0, 22, 1919, 1079]]",1
544.png,0.007702350616455078,129,pottedplant,,,"[[0, 0, 1919, 1079]]",1
545.png,0.007712364196777344,129,pottedplant,,,"[[0, 0, 1919, 1079]]",1
546.png,0.007786273956298828,128,pottedplant,,,"[[0, 0, 1919, 1079]]",1
547.png,0.007536172866821289,132,pottedplant,,,"[[0, 99, 1919, 1079]]",1
548.png,0.007484912872314453,133,pottedplant,,,"[[0, 103, 1919, 1079]]",1
549.png,0.00788116455078125,126,pottedplant,,,"[[0, 92, 1919, 1079]]",1
550.png,0.007494449615478516,133,pottedplant,,,"[[0, 85, 1919, 1079]]",1
551.png,0.007520437240600586,132,pottedplant,,,"[[0, 85, 1919, 1079]]",1
552.png,0.007171154022216797,139,pottedplant,,,"[[0, 132, 1758, 1079]]",1
553.png,0.007132053375244141,140,pottedplant,,,"[[0, 132, 1759, 1079]]",1
554.png,0.00752568244934082,132,pottedplant,,,"[[0, 70, 1919, 1079]]",1
555.png,0.00794672966003418,125,pottedplant,,,"[[0, 79, 1919, 1079]]",1
556.png,0.007218360900878906,138,pottedplant,,,"[[0, 142, 1833, 1079]]",1
557.png,0.007927417755126953,126,pottedplant,,,"[[0, 127, 1804, 1079]]",1
558.png,0.0075490474700927734,132,pottedplant,,,"[[0, 69, 1919, 1079]]",1
559.png,0.007576465606689453,131,pottedplant,,,"[[0, 139, 1824, 1079]]",1
560.png,0.007202625274658203,138,pottedplant,,,"[[0, 120, 1799, 1079]]",1
561.png,0.007501363754272461,133,pottedplant,,,"[[0, 59, 1919, 1079]]",1
562.png,0.007525205612182617,132,pottedplant,,,"[[0, 53, 1919, 1079]]",1
563.png,0.00786137580871582,127,pottedplant,,,"[[0, 50, 1919, 1079]]",1
564.png,0.007388114929199219,135,pottedplant,,,"[[0, 16, 1919, 1079]]",1
565.png,0.006482839584350586,154,,,,[],0
566.png,0.006529092788696289,153,,,,[],0
567.png,0.00716090202331543,139,pottedplant,,,"[[0, 58, 1919, 1079]]",1
568.png,0.007161855697631836,139,pottedplant,,,"[[0, 55, 1919, 1079]]",1
569.png,0.006196022033691406,161,,,,[],0
570.png,0.006582736968994141,151,,,,[],0
571.png,0.006506443023681641,153,,,,[],0
572.png,0.006519317626953125,153,,,,[],0
573.png,0.006515979766845703,153,,,,[],0
574.png,0.006597042083740234,151,,,,[],0
575.png,0.0064699649810791016,154,,,,[],0
576.png,0.0064809322357177734,154,,,,[],0
577.png,0.006452322006225586,154,,,,[],0
578.png,0.00632476806640625,158,,,,[],0
579.png,0.006453514099121094,154,,,,[],0
580.png,0.00647425651550293,154,,,,[],0
581.png,0.0069086551666259766,144,,,,[],0
582.png,0.006531953811645508,153,,,,[],0
583.png,0.006525278091430664,153,,,,[],0
584.png,0.006510496139526367,153,,,,[],0
585.png,0.0065419673919677734,152,,,,[],0
586.png,0.006621837615966797,151,,,,[],0
587.png,0.022025108337402344,45,,,,[],0
588.png,0.006464481353759766,154,,,,[],0
589.png,0.006478786468505859,154,,,,[],0
590.png,0.007159709930419922,139,person,,,"[[899, 474, 1025, 663]]",1
591.png,0.00654292106628418,152,,,,[],0
592.png,0.006548404693603516,152,,,,[],0
593.png,0.006461143493652344,154,,,,[],0
594.png,0.006526947021484375,153,,,,[],0
595.png,0.0071718692779541016,139,pottedplant,,,"[[1213, 36, 1897, 1044]]",1
596.png,0.0071446895599365234,139,pottedplant,,,"[[1216, 37, 1899, 1033]]",1
597.png,0.006503582000732422,153,,,,[],0
598.png,0.007394552230834961,135,pottedplant,,,"[[1216, 33, 1872, 1044]]",1
599.png,0.006964445114135742,143,,,,[],0
600.png,0.006590127944946289,151,,,,[],0
601.png,0.007287263870239258,137,pottedplant,,,"[[1195, 43, 1896, 1039]]",1
602.png,0.0072100162506103516,138,person,,,"[[886, 480, 1022, 660]]",1
603.png,0.007264375686645508,137,person,,,"[[891, 485, 1017, 661]]",1
604.png,0.0065555572509765625,152,,,,[],0
605.png,0.007250070571899414,137,pottedplant,,,"[[1212, 40, 1863, 1043]]",1
606.png,0.007675886154174805,130,pottedplant,,,"[[1201, 37, 1871, 1047]]",1
607.png,0.007184505462646484,139,pottedplant,,,"[[1199, 13, 1881, 1079]]",1
608.png,0.006539344787597656,152,,,,[],0
609.png,0.007158994674682617,139,pottedplant,,,"[[1176, 29, 1904, 1065]]",1
610.png,0.007203340530395508,138,pottedplant,,,"[[1192, 57, 1914, 1028]]",1
611.png,0.006491184234619141,154,,,,[],0
612.png,0.006760597229003906,147,,,,[],0
613.png,0.006129026412963867,163,,,,[],0
614.png,0.007096052169799805,140,,,,[],0
615.png,0.006449699401855469,155,,,,[],0
616.png,0.006508588790893555,153,,,,[],0
617.png,0.006570339202880859,152,,,,[],0
618.png,0.006538867950439453,152,,,,[],0
619.png,0.0067462921142578125,148,,,,[],0
620.png,0.006539344787597656,152,,,,[],0
621.png,0.006512165069580078,153,,,,[],0
622.png,0.006538867950439453,152,,,,[],0
623.png,0.0065097808837890625,153,,,,[],0
624.png,0.006523847579956055,153,,,,[],0
625.png,0.007196664810180664,138,pottedplant,,,"[[0, 107, 697, 988]]",1
626.png,0.00693202018737793,144,pottedplant,,,"[[0, 86, 712, 1008]]",1
627.png,0.00762939453125,131,pottedplant,,,"[[4, 199, 680, 1030]]",1
628.png,0.0067517757415771484,148,,,,[],0
629.png,0.006549358367919922,152,,,,[],0
630.png,0.006494283676147461,153,,,,[],0
631.png,0.006471395492553711,154,,,,[],0
632.png,0.006495475769042969,153,,,,[],0
633.png,0.0064923763275146484,154,,,,[],0
634.png,0.006513833999633789,153,,,,[],0
635.png,0.006503105163574219,153,,,,[],0
636.png,0.006405353546142578,156,,,,[],0
637.png,0.006559133529663086,152,,,,[],0
638.png,0.006200313568115234,161,,,,[],0
639.png,0.006499290466308594,153,,,,[],0
640.png,0.006548404693603516,152,,,,[],0
641.png,0.006513357162475586,153,,,,[],0
642.png,0.006569385528564453,152,,,,[],0
643.png,0.006553173065185547,152,,,,[],0
644.png,0.006780147552490234,147,,,,[],0
645.png,0.006460428237915039,154,,,,[],0
646.png,0.0064716339111328125,154,,,,[],0
647.png,0.006476163864135742,154,,,,[],0
648.png,0.006913423538208008,144,,,,[],0
649.png,0.0064847469329833984,154,,,,[],0
650.png,0.006522655487060547,153,,,,[],0
651.png,0.006482124328613281,154,,,,[],0
652.png,0.006563901901245117,152,,,,[],0
653.png,0.00650477409362793,153,,,,[],0
654.png,0.0065271854400634766,153,,,,[],0
655.png,0.006453514099121094,154,,,,[],0
656.png,0.006521940231323242,153,,,,[],0
657.png,0.006941556930541992,144,,,,[],0
658.png,0.006477832794189453,154,,,,[],0
659.png,0.006680011749267578,149,,,,[],0
660.png,0.006674528121948242,149,,,,[],0
661.png,0.0064923763275146484,154,,,,[],0
662.png,0.0069468021392822266,143,,,,[],0
663.png,0.006460428237915039,154,,,,[],0
664.png,0.006752490997314453,148,diningtable,,,"[[56, 100, 1839, 1079]]",1
665.png,0.006946086883544922,143,,,,[],0
666.png,0.006544351577758789,152,,,,[],0
667.png,0.0069522857666015625,143,,,,[],0
668.png,0.006471872329711914,154,,,,[],0
669.png,0.006903648376464844,144,,,,[],0
670.png,0.007700920104980469,129,diningtable,,,"[[0, 0, 1919, 1079]]",1
671.png,0.006201744079589844,161,,,,[],0
672.png,0.0062291622161865234,160,,,,[],0
673.png,0.0066339969635009766,150,,,,[],0
674.png,0.006479501724243164,154,,,,[],0
675.png,0.006611347198486328,151,,,,[],0
676.png,0.006518840789794922,153,,,,[],0
677.png,0.006537914276123047,152,,,,[],0
678.png,0.006757020950317383,147,,,,[],0
679.png,0.006488800048828125,154,,,,[],0
680.png,0.006960630416870117,143,,,,[],0
681.png,0.0073125362396240234,136,diningtable,,,"[[0, 0, 1919, 1079]]",1
682.png,0.006488323211669922,154,,,,[],0
683.png,0.0064868927001953125,154,,,,[],0
684.png,0.00649261474609375,154,,,,[],0
685.png,0.007305145263671875,136,diningtable,,,"[[0, 0, 1919, 1079]]",1
686.png,0.00761723518371582,131,diningtable,,,"[[0, 0, 1919, 1079]]",1
687.png,0.0065305233001708984,153,,,,[],0
688.png,0.006341218948364258,157,,,,[],0
689.png,0.006356239318847656,157,,,,[],0
690.png,0.0065155029296875,153,,,,[],0
691.png,0.00644683837890625,155,,,,[],0
692.png,0.006606340408325195,151,,,,[],0
693.png,0.0065975189208984375,151,,,,[],0
694.png,0.006487846374511719,154,,,,[],0
695.png,0.0065457820892333984,152,,,,[],0
696.png,0.00649261474609375,154,,,,[],0
697.png,0.006519794464111328,153,,,,[],0
698.png,0.006496906280517578,153,,,,[],0
699.png,0.006471395492553711,154,,,,[],0
700.png,0.00646662712097168,154,,,,[],0
701.png,0.006514072418212891,153,,,,[],0
702.png,0.006691694259643555,149,,,,[],0
703.png,0.006643056869506836,150,,,,[],0
704.png,0.006184816360473633,161,,,,[],0
705.png,0.00626683235168457,159,,,,[],0
706.png,0.006497621536254883,153,,,,[],0
707.png,0.006321430206298828,158,,,,[],0
708.png,0.006501436233520508,153,,,,[],0
709.png,0.006548404693603516,152,,,,[],0
710.png,0.006544828414916992,152,,,,[],0
711.png,0.006527423858642578,153,,,,[],0
712.png,0.006504535675048828,153,,,,[],0
713.png,0.0064961910247802734,153,,,,[],0
714.png,0.006530046463012695,153,,,,[],0
715.png,0.006486415863037109,154,,,,[],0
716.png,0.006511211395263672,153,,,,[],0
717.png,0.006467580795288086,154,,,,[],0
718.png,0.006546974182128906,152,,,,[],0
719.png,0.006644487380981445,150,,,,[],0
720.png,0.006484031677246094,154,,,,[],0
721.png,0.006474018096923828,154,,,,[],0
722.png,0.0064737796783447266,154,,,,[],0
723.png,0.006784200668334961,147,,,,[],0
724.png,0.006462574005126953,154,,,,[],0
725.png,0.006754159927368164,148,,,,[],0
726.png,0.006533145904541016,153,,,,[],0
727.png,0.00648045539855957,154,,,,[],0
728.png,0.006452083587646484,154,,,,[],0
729.png,0.0072231292724609375,138,pottedplant,,,"[[1577, 700, 1907, 1047]]",1
730.png,0.006597280502319336,151,,,,[],0
731.png,0.006750583648681641,148,,,,[],0
732.png,0.006511688232421875,153,,,,[],0
733.png,0.006745338439941406,148,,,,[],0
734.png,0.006746768951416016,148,,,,[],0
735.png,0.006505489349365234,153,,,,[],0
736.png,0.006546497344970703,152,,,,[],0
737.png,0.006524801254272461,153,,,,[],0
738.png,0.006542205810546875,152,,,,[],0
739.png,0.006331920623779297,157,,,,[],0
740.png,0.006979703903198242,143,,,,[],0
741.png,0.006889820098876953,145,,,,[],0
742.png,0.006125688552856445,163,,,,[],0
743.png,0.00648045539855957,154,,,,[],0
744.png,0.0064580440521240234,154,,,,[],0
745.png,0.006663084030151367,150,,,,[],0
746.png,0.006516456604003906,153,,,,[],0
747.png,0.006356239318847656,157,,,,[],0
748.png,0.0065457820892333984,152,,,,[],0
749.png,0.007182121276855469,139,,,,[],0
750.png,0.0068018436431884766,147,,,,[],0
751.png,0.0065004825592041016,153,,,,[],0
752.png,0.006489753723144531,154,,,,[],0
753.png,0.006507158279418945,153,,,,[],0
754.png,0.0065081119537353516,153,,,,[],0
755.png,0.006566524505615234,152,,,,[],0
756.png,0.006621122360229492,151,,,,[],0
757.png,0.0067102909088134766,149,,,,[],0
758.png,0.006510496139526367,153,,,,[],0
759.png,0.006183624267578125,161,,,,[],0
760.png,0.0065157413482666016,153,,,,[],0
761.png,0.006951332092285156,143,,,,[],0
762.png,0.0064945220947265625,153,,,,[],0
763.png,0.006627798080444336,150,,,,[],0
764.png,0.006533384323120117,153,,,,[],0
765.png,0.0065402984619140625,152,,,,[],0
766.png,0.0066797733306884766,149,,,,[],0
767.png,0.0065822601318359375,151,,,,[],0
768.png,0.006544589996337891,152,,,,[],0
769.png,0.006777286529541016,147,,,,[],0
770.png,0.0064966678619384766,153,,,,[],0
771.png,0.0064907073974609375,154,,,,[],0
772.png,0.006772518157958984,147,,,,[],0
773.png,0.0065038204193115234,153,,,,[],0
774.png,0.006495475769042969,153,,,,[],0
775.png,0.006781339645385742,147,,,,[],0
776.png,0.006603240966796875,151,,,,[],0
777.png,0.006720542907714844,148,,,,[],0
778.png,0.0066716670989990234,149,,,,[],0
779.png,0.006453990936279297,154,,,,[],0
780.png,0.006632328033447266,150,,,,[],0
781.png,0.006681919097900391,149,,,,[],0
782.png,0.0065746307373046875,152,,,,[],0
783.png,0.006548166275024414,152,,,,[],0
784.png,0.0065937042236328125,151,,,,[],0
785.png,0.006530284881591797,153,,,,[],0
786.png,0.0065326690673828125,153,,,,[],0
787.png,0.00652766227722168,153,,,,[],0
788.png,0.0065233707427978516,153,,,,[],0
789.png,0.006520748138427734,153,,,,[],0
790.png,0.006594657897949219,151,,,,[],0
791.png,0.006626605987548828,150,,,,[],0
792.png,0.0065004825592041016,153,,,,[],0
793.png,0.006543636322021484,152,,,,[],0
794.png,0.006451845169067383,154,,,,[],0
795.png,0.006501674652099609,153,,,,[],0
796.png,0.006693601608276367,149,,,,[],0
797.png,0.006369829177856445,156,,,,[],0
798.png,0.006483316421508789,154,,,,[],0
799.png,0.006520271301269531,153,,,,[],0
800.png,0.006939411163330078,144,,,,[],0
801.png,0.006508827209472656,153,,,,[],0
802.png,0.006962776184082031,143,,,,[],0
803.png,0.006998538970947266,142,,,,[],0
804.png,0.006518363952636719,153,,,,[],0
805.png,0.0064661502838134766,154,,,,[],0
806.png,0.006705045700073242,149,,,,[],0
807.png,0.0064945220947265625,153,,,,[],0
808.png,0.006514787673950195,153,,,,[],0
809.png,0.006528139114379883,153,,,,[],0
810.png,0.006568431854248047,152,,,,[],0
811.png,0.006523847579956055,153,,,,[],0
812.png,0.006463766098022461,154,,,,[],0
813.png,0.006414175033569336,155,,,,[],0
814.png,0.006525993347167969,153,,,,[],0
815.png,0.0065021514892578125,153,,,,[],0
816.png,0.006754636764526367,148,,,,[],0
817.png,0.0065305233001708984,153,,,,[],0
818.png,0.0076067447662353516,131,dog,,,"[[816, 428, 1049, 671]]",1
819.png,0.007149219512939453,139,dog,,,"[[816, 428, 1049, 671]]",1
820.png,0.006842136383056641,146,,,,[],0
821.png,0.006762504577636719,147,,,,[],0
822.png,0.0068285465240478516,146,,,,[],0
823.png,0.006864309310913086,145,,,,[],0
824.png,0.006455898284912109,154,,,,[],0
825.png,0.006341218948364258,157,,,,[],0
826.png,0.006525754928588867,153,,,,[],0
827.png,0.006501436233520508,153,,,,[],0
828.png,0.006520271301269531,153,,,,[],0
829.png,0.0064733028411865234,154,,,,[],0
830.png,0.006638526916503906,150,,,,[],0
831.png,0.006499767303466797,153,,,,[],0
832.png,0.00686955451965332,145,,,,[],0
833.png,0.0065135955810546875,153,,,,[],0
834.png,0.00661468505859375,151,,,,[],0
835.png,0.006511211395263672,153,,,,[],0
836.png,0.006560564041137695,152,,,,[],0
837.png,0.00624847412109375,160,,,,[],0
838.png,0.006581306457519531,151,,,,[],0
839.png,0.0064809322357177734,154,,,,[],0
840.png,0.006514549255371094,153,,,,[],0
841.png,0.006434917449951172,155,,,,[],0
842.png,0.006509065628051758,153,,,,[],0
843.png,0.006542205810546875,152,,,,[],0
844.png,0.006498098373413086,153,,,,[],0
845.png,0.006539583206176758,152,,,,[],0
846.png,0.0065462589263916016,152,,,,[],0
847.png,0.00648188591003418,154,,,,[],0
848.png,0.006491899490356445,154,,,,[],0
849.png,0.00652766227722168,153,,,,[],0
850.png,0.006430387496948242,155,,,,[],0
851.png,0.006699800491333008,149,,,,[],0
852.png,0.0065042972564697266,153,,,,[],0
853.png,0.006572246551513672,152,,,,[],0
854.png,0.006904125213623047,144,,,,[],0
855.png,0.006493568420410156,153,,,,[],0
856.png,0.006522178649902344,153,,,,[],0
857.png,0.0065135955810546875,153,,,,[],0
858.png,0.006546974182128906,152,,,,[],0
859.png,0.006710052490234375,149,,,,[],0
860.png,0.006506681442260742,153,,,,[],0
861.png,0.007202625274658203,138,bottle,,,"[[1793, 856, 1917, 1072]]",1
862.png,0.006516218185424805,153,,,,[],0
863.png,0.0064966678619384766,153,,,,[],0
864.png,0.006686687469482422,149,,,,[],0
865.png,0.006678104400634766,149,,,,[],0
866.png,0.006321430206298828,158,,,,[],0
867.png,0.006480216979980469,154,,,,[],0
868.png,0.006541728973388672,152,,,,[],0
869.png,0.0065135955810546875,153,,,,[],0
870.png,0.0067746639251708984,147,,,,[],0
871.png,0.006834983825683594,146,,,,[],0
872.png,0.0064737796783447266,154,,,,[],0
873.png,0.0065615177154541016,152,,,,[],0
874.png,0.006529092788696289,153,,,,[],0
875.png,0.00656580924987793,152,,,,[],0
876.png,0.006586313247680664,151,,,,[],0
877.png,0.006537437438964844,152,,,,[],0
878.png,0.006539821624755859,152,,,,[],0
879.png,0.006552457809448242,152,,,,[],0
880.png,0.0066373348236083984,150,,,,[],0
881.png,0.006861686706542969,145,,,,[],0
882.png,0.0064733028411865234,154,,,,[],0
883.png,0.0067670345306396484,147,,,,[],0
884.png,0.006544589996337891,152,,,,[],0
885.png,0.006543636322021484,152,,,,[],0
886.png,0.006938457489013672,144,,,,[],0
887.png,0.0065157413482666016,153,,,,[],0
888.png,0.006482362747192383,154,,,,[],0
889.png,0.006531476974487305,153,,,,[],0
890.png,0.006505727767944336,153,,,,[],0
891.png,0.006557464599609375,152,,,,[],0
892.png,0.006613492965698242,151,,,,[],0
893.png,0.006498098373413086,153,,,,[],0
894.png,0.006895303726196289,145,,,,[],0
895.png,0.006440639495849609,155,,,,[],0
896.png,0.006899356842041016,144,,,,[],0
897.png,0.0071446895599365234,139,person,,,"[[0, 16, 477, 1053]]",1
898.png,0.006856679916381836,145,,,,[],0
899.png,0.006443500518798828,155,,,,[],0
900.png,0.007296562194824219,137,person,,,"[[861, 461, 1030, 662]]",1
901.png,0.006429195404052734,155,,,,[],0
902.png,0.006916999816894531,144,,,,[],0
903.png,0.006496429443359375,153,,,,[],0
904.png,0.006519317626953125,153,,,,[],0
905.png,0.0064890384674072266,154,,,,[],0
906.png,0.006500244140625,153,,,,[],0
907.png,0.0065348148345947266,153,,,,[],0
908.png,0.0065915584564208984,151,,,,[],0
909.png,0.006827831268310547,146,,,,[],0
910.png,0.006483793258666992,154,,,,[],0
911.png,0.006674528121948242,149,,,,[],0
912.png,0.006460905075073242,154,,,,[],0
913.png,0.0075991153717041016,131,bottle,person,,"[[882, 465, 993, 744], [0, 11, 520, 1062]]",2
914.png,0.007185220718383789,139,person,,,"[[0, 30, 525, 1054]]",1
915.png,0.007403373718261719,135,bottle,,,"[[903, 475, 1006, 719]]",1
916.png,0.00730133056640625,136,bottle,,,"[[903, 463, 995, 670]]",1
917.png,0.006731748580932617,148,bottle,,,"[[903, 463, 995, 670]]",1
918.png,0.006932258605957031,144,,,,[],0
919.png,0.006445884704589844,155,,,,[],0
920.png,0.006803274154663086,146,,,,[],0
921.png,0.006487369537353516,154,,,,[],0
922.png,0.006496906280517578,153,,,,[],0
923.png,0.006475210189819336,154,,,,[],0
924.png,0.006682872772216797,149,,,,[],0
925.png,0.006473541259765625,154,,,,[],0
926.png,0.006936550140380859,144,,,,[],0
927.png,0.006530046463012695,153,,,,[],0
928.png,0.0076138973236083984,131,person,,,"[[0, 55, 697, 681]]",1
929.png,0.006551504135131836,152,,,,[],0
930.png,0.0065135955810546875,153,,,,[],0
931.png,0.006586313247680664,151,,,,[],0
932.png,0.006702899932861328,149,,,,[],0
933.png,0.0071637630462646484,139,person,,,"[[27, 54, 448, 1038]]",1
934.png,0.007222175598144531,138,person,,,"[[28, 74, 437, 1020]]",1
935.png,0.007101774215698242,140,person,,,"[[31, 57, 435, 1031]]",1
936.png,0.006279468536376953,159,,,,[],0
937.png,0.006936550140380859,144,,,,[],0
938.png,0.006568193435668945,152,,,,[],0
939.png,0.006485700607299805,154,,,,[],0
940.png,0.006627559661865234,150,,,,[],0
941.png,0.0066986083984375,149,,,,[],0
942.png,0.006493806838989258,153,,,,[],0
943.png,0.006544828414916992,152,,,,[],0
944.png,0.0069580078125,143,,,,[],0
945.png,0.006577730178833008,152,,,,[],0
946.png,0.006319761276245117,158,,,,[],0
947.png,0.0065517425537109375,152,,,,[],0
948.png,0.006685018539428711,149,,,,[],0
949.png,0.006565570831298828,152,,,,[],0
950.png,0.006493091583251953,154,,,,[],0
951.png,0.006929874420166016,144,,,,[],0
952.png,0.0065915584564208984,151,,,,[],0
953.png,0.006424665451049805,155,,,,[],0
954.png,0.006503582000732422,153,,,,[],0
955.png,0.0064849853515625,154,,,,[],0
956.png,0.006536245346069336,152,,,,[],0
957.png,0.006491422653198242,154,,,,[],0
958.png,0.006745815277099609,148,,,,[],0
959.png,0.006494283676147461,153,,,,[],0
960.png,0.006739616394042969,148,,,,[],0
961.png,0.006549835205078125,152,,,,[],0
962.png,0.006519794464111328,153,,,,[],0
963.png,0.00647735595703125,154,,,,[],0
964.png,0.0064678192138671875,154,,,,[],0
965.png,0.006495952606201172,153,,,,[],0
966.png,0.006742000579833984,148,,,,[],0
967.png,0.0069026947021484375,144,,,,[],0
968.png,0.006700992584228516,149,,,,[],0
969.png,0.00650787353515625,153,,,,[],0
970.png,0.006513357162475586,153,,,,[],0
971.png,0.006552219390869141,152,,,,[],0
972.png,0.006525754928588867,153,,,,[],0
973.png,0.00659632682800293,151,,,,[],0
974.png,0.00652003288269043,153,,,,[],0
975.png,0.006475210189819336,154,,,,[],0
976.png,0.0064847469329833984,154,,,,[],0
977.png,0.006526947021484375,153,,,,[],0
978.png,0.006516218185424805,153,,,,[],0
979.png,0.006513357162475586,153,,,,[],0
980.png,0.006478071212768555,154,,,,[],0
981.png,0.006459236145019531,154,,,,[],0
982.png,0.006482362747192383,154,,,,[],0
983.png,0.006593227386474609,151,,,,[],0
984.png,0.006558418273925781,152,,,,[],0
985.png,0.006341457366943359,157,,,,[],0
986.png,0.0065250396728515625,153,,,,[],0
987.png,0.006583690643310547,151,,,,[],0
988.png,0.00635981559753418,157,,,,[],0
989.png,0.006935596466064453,144,,,,[],0
990.png,0.006573200225830078,152,,,,[],0
991.png,0.006475210189819336,154,,,,[],0
992.png,0.006524085998535156,153,,,,[],0
993.png,0.007157325744628906,139,bottle,,,"[[879, 472, 1017, 651]]",1
994.png,0.007660627365112305,130,bottle,,,"[[888, 482, 1016, 652]]",1
995.png,0.0072057247161865234,138,bottle,,,"[[883, 477, 1023, 659]]",1
996.png,0.007180452346801758,139,bottle,,,"[[882, 479, 1011, 662]]",1
997.png,0.007433652877807617,134,bottle,,,"[[881, 488, 1018, 652]]",1
998.png,0.0072479248046875,137,bottle,,,"[[873, 478, 1021, 651]]",1
999.png,0.00737762451171875,135,bottle,,,"[[879, 484, 1014, 665]]",1
1000.png,0.00652623176574707,153,,,,[],0
1001.png,0.00649714469909668,153,,,,[],0
1002.png,0.006981372833251953,143,,,,[],0
1003.png,0.006518363952636719,153,,,,[],0
1004.png,0.006570100784301758,152,,,,[],0
1005.png,0.006505727767944336,153,,,,[],0
1006.png,0.006483316421508789,154,,,,[],0
1007.png,0.006464481353759766,154,,,,[],0
1008.png,0.0064389705657958984,155,,,,[],0
1009.png,0.006644010543823242,150,,,,[],0
1010.png,0.00652003288269043,153,,,,[],0
1011.png,0.00683283805847168,146,,,,[],0
1012.png,0.006505489349365234,153,,,,[],0
1013.png,0.00650787353515625,153,,,,[],0
1014.png,0.0068340301513671875,146,,,,[],0
1015.png,0.006482839584350586,154,,,,[],0
1016.png,0.00648951530456543,154,,,,[],0
1017.png,0.006521701812744141,153,,,,[],0
1018.png,0.006459236145019531,154,,,,[],0
1019.png,0.0065212249755859375,153,,,,[],0
1020.png,0.006566286087036133,152,,,,[],0
1021.png,0.006493568420410156,153,,,,[],0
1022.png,0.006264209747314453,159,,,,[],0
1023.png,0.006497621536254883,153,,,,[],0
1024.png,0.006539583206176758,152,,,,[],0
1025.png,0.006554365158081055,152,,,,[],0
1026.png,0.006476163864135742,154,,,,[],0
1027.png,0.006226539611816406,160,,,,[],0
1028.png,0.006193876266479492,161,,,,[],0
1029.png,0.006579399108886719,151,,,,[],0
1030.png,0.006222248077392578,160,,,,[],0
1031.png,0.006551504135131836,152,,,,[],0
1032.png,0.006761312484741211,147,,,,[],0
1033.png,0.006860017776489258,145,,,,[],0
1034.png,0.006514787673950195,153,,,,[],0
1035.png,0.006488323211669922,154,,,,[],0
1036.png,0.0064470767974853516,155,,,,[],0
1037.png,0.006573915481567383,152,,,,[],0
1038.png,0.006459474563598633,154,,,,[],0
1039.png,0.006532907485961914,153,,,,[],0
1040.png,0.006603240966796875,151,,,,[],0
1041.png,0.0065805912017822266,151,,,,[],0
1042.png,0.0065882205963134766,151,,,,[],0
1043.png,0.006550312042236328,152,,,,[],0
1044.png,0.0067348480224609375,148,,,,[],0
1045.png,0.0064945220947265625,153,,,,[],0
1046.png,0.006571292877197266,152,,,,[],0
1047.png,0.006595134735107422,151,,,,[],0
1048.png,0.006547212600708008,152,,,,[],0
1049.png,0.0066068172454833984,151,,,,[],0
1050.png,0.006490468978881836,154,,,,[],0
1051.png,0.02018260955810547,49,,,,[],0
1052.png,0.006924629211425781,144,,,,[],0
1053.png,0.006525754928588867,153,,,,[],0
1054.png,0.006619691848754883,151,,,,[],0
1055.png,0.006525516510009766,153,,,,[],0
1056.png,0.006520509719848633,153,,,,[],0
1057.png,0.0063762664794921875,156,,,,[],0
1058.png,0.006448030471801758,155,,,,[],0
1059.png,0.00643157958984375,155,,,,[],0
1060.png,0.006715536117553711,148,,,,[],0
1061.png,0.00648951530456543,154,,,,[],0
1062.png,0.006720542907714844,148,,,,[],0
1063.png,0.006416797637939453,155,,,,[],0
1064.png,0.006712913513183594,148,,,,[],0
1065.png,0.006523609161376953,153,,,,[],0
1066.png,0.006721019744873047,148,,,,[],0
1067.png,0.006499767303466797,153,,,,[],0
1068.png,0.006514787673950195,153,,,,[],0
1069.png,0.006552457809448242,152,,,,[],0
1070.png,0.006957292556762695,143,,,,[],0
1071.png,0.007651567459106445,130,person,,,"[[893, 481, 1028, 665]]",1
1072.png,0.007241725921630859,138,person,,,"[[889, 481, 1026, 661]]",1
1073.png,0.0072078704833984375,138,person,,,"[[26, 45, 715, 697]]",1
1074.png,0.0064945220947265625,153,,,,[],0
1075.png,0.0068128108978271484,146,,,,[],0
1076.png,0.006572723388671875,152,,,,[],0
1077.png,0.006515979766845703,153,,,,[],0
1078.png,0.006945133209228516,143,,,,[],0
1079.png,0.0072536468505859375,137,person,,,"[[390, 197, 674, 581]]",1
1080.png,0.007175922393798828,139,person,,,"[[0, 72, 686, 666]]",1
1081.png,0.006500959396362305,153,,,,[],0
1082.png,0.007516384124755859,133,person,,,"[[14, 61, 682, 664]]",1
1083.png,0.00763249397277832,131,person,,,"[[26, 63, 676, 661]]",1
1084.png,0.006589651107788086,151,,,,[],0
1085.png,0.006333589553833008,157,,,,[],0
1086.png,0.006499052047729492,153,,,,[],0
1087.png,0.006493806838989258,153,,,,[],0
1088.png,0.00649714469909668,153,,,,[],0
1089.png,0.0065288543701171875,153,,,,[],0
1090.png,0.006571531295776367,152,,,,[],0
1091.png,0.006512880325317383,153,,,,[],0
1092.png,0.00648188591003418,154,,,,[],0
1093.png,0.005942583084106445,168,,,,[],0
1094.png,0.006962776184082031,143,,,,[],0
1095.png,0.0067348480224609375,148,,,,[],0
1096.png,0.0066127777099609375,151,,,,[],0
1097.png,0.009342432022094727,107,,,,[],0
1098.png,0.0066375732421875,150,,,,[],0
1099.png,0.0064504146575927734,155,,,,[],0
1100.png,0.006670475006103516,149,,,,[],0
1101.png,0.006953001022338867,143,,,,[],0
1102.png,0.006552696228027344,152,,,,[],0
1103.png,0.006551265716552734,152,,,,[],0
1104.png,0.006609916687011719,151,,,,[],0
1105.png,0.006535768508911133,153,,,,[],0
1106.png,0.00647282600402832,154,,,,[],0
1107.png,0.0065174102783203125,153,,,,[],0
1108.png,0.006546497344970703,152,,,,[],0
1109.png,0.006671428680419922,149,,,,[],0
1110.png,0.006493568420410156,153,,,,[],0
1111.png,0.00653076171875,153,,,,[],0
1112.png,0.006557941436767578,152,,,,[],0
1113.png,0.006682157516479492,149,,,,[],0
1114.png,0.006664276123046875,150,,,,[],0
1115.png,0.006454944610595703,154,,,,[],0
1116.png,0.006545066833496094,152,,,,[],0
1117.png,0.006833314895629883,146,,,,[],0
1118.png,0.006548404693603516,152,,,,[],0
1119.png,0.006533145904541016,153,,,,[],0
1120.png,0.006903409957885742,144,,,,[],0
1121.png,0.006638765335083008,150,,,,[],0
1122.png,0.006459236145019531,154,,,,[],0
1123.png,0.006473064422607422,154,,,,[],0
1124.png,0.006631374359130859,150,,,,[],0
1125.png,0.0066945552825927734,149,,,,[],0
1126.png,0.006486415863037109,154,,,,[],0
1127.png,0.006525993347167969,153,,,,[],0
1128.png,0.006717681884765625,148,,,,[],0
1129.png,0.006891012191772461,145,,,,[],0
1130.png,0.0064697265625,154,,,,[],0
1131.png,0.0062558650970458984,159,,,,[],0
1132.png,0.006721973419189453,148,,,,[],0
1133.png,0.006449699401855469,155,,,,[],0
1134.png,0.0064694881439208984,154,,,,[],0
1135.png,0.0065152645111083984,153,,,,[],0
1136.png,0.0065195560455322266,153,,,,[],0
1137.png,0.00648951530456543,154,,,,[],0
1138.png,0.006445884704589844,155,,,,[],0
1139.png,0.006064176559448242,164,,,,[],0
1140.png,0.006819963455200195,146,,,,[],0
1141.png,0.006691932678222656,149,,,,[],0
1142.png,0.006836652755737305,146,,,,[],0
1143.png,0.006711721420288086,148,,,,[],0
1144.png,0.006491661071777344,154,,,,[],0
1145.png,0.006520986557006836,153,,,,[],0
1146.png,0.0067768096923828125,147,,,,[],0
1147.png,0.006108283996582031,163,,,,[],0
1148.png,0.006533622741699219,153,,,,[],0
1149.png,0.006531476974487305,153,,,,[],0
1150.png,0.006507158279418945,153,,,,[],0
1151.png,0.00652766227722168,153,,,,[],0
1152.png,0.0066602230072021484,150,,,,[],0
1153.png,0.0064623355865478516,154,,,,[],0
1154.png,0.00654292106628418,152,,,,[],0
1155.png,0.006464242935180664,154,,,,[],0
1156.png,0.006742715835571289,148,,,,[],0
1157.png,0.006524801254272461,153,,,,[],0
1158.png,0.006553173065185547,152,,,,[],0
1159.png,0.006519794464111328,153,,,,[],0
1160.png,0.006597757339477539,151,,,,[],0
1161.png,0.006640434265136719,150,,,,[],0
1162.png,0.006511688232421875,153,,,,[],0
1163.png,0.006531715393066406,153,,,,[],0
1164.png,0.006571769714355469,152,,,,[],0
1165.png,0.02207803726196289,45,,,,[],0
1166.png,0.006526470184326172,153,,,,[],0
1167.png,0.006541728973388672,152,,,,[],0
1168.png,0.006590127944946289,151,,,,[],0
1169.png,0.006711244583129883,149,,,,[],0
1170.png,0.006780385971069336,147,,,,[],0
1171.png,0.006487846374511719,154,,,,[],0
1172.png,0.0063359737396240234,157,,,,[],0
1173.png,0.006778240203857422,147,,,,[],0
1174.png,0.006235599517822266,160,,,,[],0
1175.png,0.006516933441162109,153,,,,[],0
1176.png,0.006516456604003906,153,,,,[],0
1177.png,0.006546974182128906,152,,,,[],0
1178.png,0.00658106803894043,151,,,,[],0
1179.png,0.0065119266510009766,153,,,,[],0
1180.png,0.00652313232421875,153,,,,[],0
1181.png,0.0064733028411865234,154,,,,[],0
1182.png,0.006515979766845703,153,,,,[],0
1183.png,0.01795196533203125,55,,,,[],0
1184.png,0.006487369537353516,154,,,,[],0
1185.png,0.006509065628051758,153,,,,[],0
1186.png,0.006493330001831055,154,,,,[],0
1187.png,0.0065152645111083984,153,,,,[],0
1188.png,0.006646633148193359,150,,,,[],0
1189.png,0.006520509719848633,153,,,,[],0
1190.png,0.006495475769042969,153,,,,[],0
1191.png,0.006750583648681641,148,,,,[],0
1192.png,0.006573915481567383,152,,,,[],0
1193.png,0.006559133529663086,152,,,,[],0
1194.png,0.006602048873901367,151,,,,[],0
1195.png,0.0065402984619140625,152,,,,[],0
1196.png,0.006540536880493164,152,,,,[],0
1197.png,0.0069315433502197266,144,,,,[],0
1198.png,0.006572723388671875,152,,,,[],0
1199.png,0.006979942321777344,143,,,,[],0
1200.png,0.006546735763549805,152,,,,[],0
1201.png,0.006517171859741211,153,,,,[],0
1202.png,0.0064694881439208984,154,,,,[],0
1203.png,0.006541728973388672,152,,,,[],0
1204.png,0.006530284881591797,153,,,,[],0
1205.png,0.006533622741699219,153,,,,[],0
1206.png,0.006360769271850586,157,,,,[],0
1207.png,0.006801605224609375,147,,,,[],0
1208.png,0.006478548049926758,154,,,,[],0
1209.png,0.0064809322357177734,154,,,,[],0
1210.png,0.006907939910888672,144,,,,[],0
1211.png,0.006475687026977539,154,,,,[],0
1212.png,0.006472349166870117,154,,,,[],0
1213.png,0.0064547061920166016,154,,,,[],0
1214.png,0.006518840789794922,153,,,,[],0
1215.png,0.006837368011474609,146,,,,[],0
1216.png,0.006506443023681641,153,,,,[],0
1217.png,0.006651401519775391,150,,,,[],0
1218.png,0.00644373893737793,155,,,,[],0
1219.png,0.006525993347167969,153,,,,[],0
1220.png,0.006464958190917969,154,,,,[],0
1221.png,0.006566762924194336,152,,,,[],0
1222.png,0.0065250396728515625,153,,,,[],0
1223.png,0.0064852237701416016,154,,,,[],0
1224.png,0.006972789764404297,143,,,,[],0
1225.png,0.006521940231323242,153,,,,[],0
1226.png,0.006520986557006836,153,,,,[],0
1227.png,0.006511211395263672,153,,,,[],0
1228.png,0.006551027297973633,152,,,,[],0
1229.png,0.006777048110961914,147,,,,[],0
1230.png,0.0064928531646728516,154,,,,[],0
1231.png,0.006465435028076172,154,,,,[],0
1232.png,0.006758689880371094,147,,,,[],0
1233.png,0.0064961910247802734,153,,,,[],0
1234.png,0.006537437438964844,152,,,,[],0
1235.png,0.006474971771240234,154,,,,[],0
1236.png,0.006530284881591797,153,,,,[],0
1237.png,0.006546735763549805,152,,,,[],0
1238.png,0.006402492523193359,156,,,,[],0
1239.png,0.0062007904052734375,161,,,,[],0
1240.png,0.006792783737182617,147,,,,[],0
1241.png,0.00649261474609375,154,,,,[],0
1242.png,0.006482362747192383,154,,,,[],0
1243.png,0.006860256195068359,145,,,,[],0
1244.png,0.006511688232421875,153,,,,[],0
1245.png,0.006699800491333008,149,,,,[],0
1246.png,0.006560087203979492,152,,,,[],0
1247.png,0.006565570831298828,152,,,,[],0
1248.png,0.0065538883209228516,152,,,,[],0
1249.png,0.006503105163574219,153,,,,[],0
1250.png,0.006486177444458008,154,,,,[],0
1251.png,0.006549835205078125,152,,,,[],0
1252.png,0.006523847579956055,153,,,,[],0
1253.png,0.006495475769042969,153,,,,[],0
1254.png,0.006529808044433594,153,,,,[],0
1255.png,0.006776571273803711,147,,,,[],0
1256.png,0.00693511962890625,144,,,,[],0
1257.png,0.006661653518676758,150,,,,[],0
1258.png,0.006386756896972656,156,,,,[],0
1259.png,0.006499767303466797,153,,,,[],0
1260.png,0.0067675113677978516,147,,,,[],0
1261.png,0.00649261474609375,154,,,,[],0
1262.png,0.006501913070678711,153,,,,[],0
1263.png,0.006451129913330078,155,,,,[],0
1264.png,0.006472349166870117,154,,,,[],0
1265.png,0.00650477409362793,153,,,,[],0
1266.png,0.006671428680419922,149,,,,[],0
1267.png,0.0066280364990234375,150,,,,[],0
1268.png,0.0063135623931884766,158,,,,[],0
1269.png,0.006711244583129883,149,,,,[],0
1270.png,0.006558656692504883,152,,,,[],0
1271.png,0.006531715393066406,153,,,,[],0
1272.png,0.00654911994934082,152,,,,[],0
1273.png,0.0063397884368896484,157,,,,[],0
1274.png,0.006348133087158203,157,,,,[],0
1275.png,0.006580829620361328,151,,,,[],0
1276.png,0.006529808044433594,153,,,,[],0
1277.png,0.006749153137207031,148,,,,[],0
1278.png,0.0066988468170166016,149,,,,[],0
1279.png,0.0066089630126953125,151,,,,[],0
1280.png,0.006503105163574219,153,,,,[],0
1281.png,0.006969451904296875,143,,,,[],0
1282.png,0.006585597991943359,151,,,,[],0
1283.png,0.006496429443359375,153,,,,[],0
1284.png,0.0065708160400390625,152,,,,[],0
1285.png,0.00654911994934082,152,,,,[],0
1286.png,0.006578683853149414,152,,,,[],0
1287.png,0.006791830062866211,147,,,,[],0
1288.png,0.006520271301269531,153,,,,[],0
1289.png,0.006448507308959961,155,,,,[],0
1290.png,0.006468534469604492,154,,,,[],0
1291.png,0.006489276885986328,154,,,,[],0
1292.png,0.006760120391845703,147,,,,[],0
1293.png,0.0064923763275146484,154,,,,[],0
1294.png,0.006107807159423828,163,,,,[],0
1295.png,0.00651240348815918,153,,,,[],0
1296.png,0.006201505661010742,161,,,,[],0
1297.png,0.006565093994140625,152,,,,[],0
1298.png,0.006623268127441406,150,,,,[],0
1299.png,0.0065937042236328125,151,,,,[],0
1300.png,0.006499290466308594,153,,,,[],0
1301.png,0.006539583206176758,152,,,,[],0
1302.png,0.006520271301269531,153,,,,[],0
1303.png,0.006489992141723633,154,,,,[],0
1304.png,0.006495952606201172,153,,,,[],0
1305.png,0.006607532501220703,151,,,,[],0
1306.png,0.006401538848876953,156,,,,[],0
1307.png,0.0064656734466552734,154,,,,[],0
1308.png,0.0065021514892578125,153,,,,[],0
1309.png,0.006500720977783203,153,,,,[],0
1310.png,0.006618976593017578,151,,,,[],0
1311.png,0.006576061248779297,152,,,,[],0
1312.png,0.006493568420410156,153,,,,[],0
1313.png,0.0061261653900146484,163,,,,[],0
1314.png,0.006603240966796875,151,,,,[],0
1315.png,0.006491899490356445,154,,,,[],0
1316.png,0.006883382797241211,145,,,,[],0
1317.png,0.006536006927490234,152,,,,[],0
1318.png,0.01525259017944336,65,,,,[],0
1319.png,0.006520509719848633,153,,,,[],0
1320.png,0.006810426712036133,146,,,,[],0
1321.png,0.006511211395263672,153,,,,[],0
1322.png,0.006604909896850586,151,,,,[],0
1323.png,0.006466865539550781,154,,,,[],0
1324.png,0.006819486618041992,146,,,,[],0
1325.png,0.006472349166870117,154,,,,[],0
1326.png,0.006699800491333008,149,,,,[],0
1327.png,0.006465911865234375,154,,,,[],0
1328.png,0.00649571418762207,153,,,,[],0
1329.png,0.006467103958129883,154,,,,[],0
1330.png,0.006447792053222656,155,,,,[],0
1331.png,0.006268739700317383,159,,,,[],0
1332.png,0.006476163864135742,154,,,,[],0
1333.png,0.00657200813293457,152,,,,[],0
1334.png,0.006528139114379883,153,,,,[],0
1335.png,0.006197690963745117,161,,,,[],0
1336.png,0.006539821624755859,152,,,,[],0
1337.png,0.006673574447631836,149,,,,[],0
1338.png,0.006531953811645508,153,,,,[],0
1339.png,0.006555080413818359,152,,,,[],0
1340.png,0.006600618362426758,151,,,,[],0
1341.png,0.006529808044433594,153,,,,[],0
1342.png,0.006540775299072266,152,,,,[],0
1343.png,0.0065729618072509766,152,,,,[],0
1344.png,0.006496906280517578,153,,,,[],0
1345.png,0.006510019302368164,153,,,,[],0
1346.png,0.006712913513183594,148,,,,[],0
1347.png,0.006484031677246094,154,,,,[],0
1348.png,0.006507396697998047,153,,,,[],0
1349.png,0.006520748138427734,153,,,,[],0
1350.png,0.006511688232421875,153,,,,[],0
1351.png,0.006710052490234375,149,,,,[],0
1352.png,0.006569385528564453,152,,,,[],0
1353.png,0.006836891174316406,146,,,,[],0
1354.png,0.006741762161254883,148,,,,[],0
1355.png,0.006482124328613281,154,,,,[],0
1356.png,0.006451129913330078,155,,,,[],0
1357.png,0.006487607955932617,154,,,,[],0
1358.png,0.006463766098022461,154,,,,[],0
1359.png,0.006474018096923828,154,,,,[],0
1360.png,0.0066182613372802734,151,,,,[],0
1361.png,0.006745576858520508,148,,,,[],0
1362.png,0.006613731384277344,151,,,,[],0
1363.png,0.00653839111328125,152,,,,[],0
1364.png,0.006551027297973633,152,,,,[],0
1365.png,0.006525516510009766,153,,,,[],0
1366.png,0.00648808479309082,154,,,,[],0
1367.png,0.006836414337158203,146,,,,[],0
1368.png,0.006455421447753906,154,,,,[],0
1369.png,0.006436586380004883,155,,,,[],0
1370.png,0.006519317626953125,153,,,,[],0
1371.png,0.006541013717651367,152,,,,[],0
1372.png,0.006662607192993164,150,,,,[],0
1373.png,0.006524085998535156,153,,,,[],0
1374.png,0.006510019302368164,153,,,,[],0
1375.png,0.006768465042114258,147,,,,[],0
1376.png,0.0065648555755615234,152,,,,[],0
1377.png,0.006496906280517578,153,,,,[],0
1378.png,0.006934165954589844,144,,,,[],0
1379.png,0.006485939025878906,154,,,,[],0
1380.png,0.006504535675048828,153,,,,[],0
1381.png,0.0063283443450927734,158,,,,[],0
1382.png,0.006513118743896484,153,,,,[],0
1383.png,0.006993293762207031,142,,,,[],0
1384.png,0.00682520866394043,146,,,,[],0
1385.png,0.0069539546966552734,143,,,,[],0
1386.png,0.0064733028411865234,154,,,,[],0
1387.png,0.006631374359130859,150,,,,[],0
1388.png,0.006763458251953125,147,,,,[],0
1389.png,0.006488800048828125,154,,,,[],0
1390.png,0.0067522525787353516,148,,,,[],0
1391.png,0.006551265716552734,152,,,,[],0
1392.png,0.006536006927490234,152,,,,[],0
1393.png,0.006476402282714844,154,,,,[],0
